place_id,name,business_status,geometry,user_ratings_total,rating,types,vicinity,permanently_closed,lat,lng
ChIJfwlmm00f2jERFiXa86VpI_g,Sentosa Ranger Station,OPERATIONAL,"{'location': {'lat': 1.2508799, 'lng': 103.8270081}, 'viewport': {'northeast': {'lat': 1.252183180291502, 'lng': 103.8283013802915}, 'southwest': {'lat': 1.249485219708498, 'lng': 103.8256034197085}}}",,,"['police', 'point_of_interest', 'establishment']",,,1.2508799,103.8270081
ChIJfwlmm00f2jERFiXa86VpI_g,Sentosa Ranger Station,OPERATIONAL,"{'location': {'lat': 1.2508799, 'lng': 103.8270081}, 'viewport': {'northeast': {'lat': 1.252183180291502, 'lng': 103.8283013802915}, 'southwest': {'lat': 1.249485219708498, 'lng': 103.8256034197085}}}",,,"['police', 'point_of_interest', 'establishment']",,,1.2508799,103.8270081
ChIJcfM2v0Qb2jERKZMMXpSHnQY,Telok Blangah Neighbourhood Police Post,OPERATIONAL,"{'location': {'lat': 1.2735299, 'lng': 103.8095713}, 'viewport': {'northeast': {'lat': 1.274981380291502, 'lng': 103.8109406302915}, 'southwest': {'lat': 1.272283419708498, 'lng': 103.8082426697085}}}",,,"['police', 'point_of_interest', 'establishment']","51 Telok Blangah Drive, #01-116/118, Blangah View, 51 Telok Blangah Drive, Block 51, Singapore",,1.2735299,103.8095713
ChIJlyc4rr4b2jERmqNVxURDHMI,Pasir Panjang Neighbourhood Police Post (e-Kiosk),OPERATIONAL,"{'location': {'lat': 1.2754432, 'lng': 103.7933919}, 'viewport': {'northeast': {'lat': 1.276911780291502, 'lng': 103.7947778302915}, 'southwest': {'lat': 1.274213819708498, 'lng': 103.7920798697085}}}",,,"['police', 'point_of_interest', 'establishment']",109A Pasir Panjang Road,,1.2754432,103.7933919
ChIJlyc4rr4b2jERmqNVxURDHMI,Pasir Panjang Neighbourhood Police Post (e-Kiosk),OPERATIONAL,"{'location': {'lat': 1.2754432, 'lng': 103.7933919}, 'viewport': {'northeast': {'lat': 1.276911780291502, 'lng': 103.7947778302915}, 'southwest': {'lat': 1.274213819708498, 'lng': 103.7920798697085}}}",,,"['police', 'point_of_interest', 'establishment']",109A Pasir Panjang Road,,1.2754432,103.7933919
ChIJcfM2v0Qb2jERKZMMXpSHnQY,Telok Blangah Neighbourhood Police Post,OPERATIONAL,"{'location': {'lat': 1.2735299, 'lng': 103.8095713}, 'viewport': {'northeast': {'lat': 1.274981380291502, 'lng': 103.8109406302915}, 'southwest': {'lat': 1.272283419708498, 'lng': 103.8082426697085}}}",,,"['police', 'point_of_interest', 'establishment']","51 Telok Blangah Drive, #01-116/118, Blangah View, 51 Telok Blangah Drive, Block 51, Singapore",,1.2735299,103.8095713
ChIJ8_nKk9gb2jERtOLxlkYedds,Radin Mas Neighbourhood Police Post (e-Kiosk),OPERATIONAL,"{'location': {'lat': 1.2770016, 'lng': 103.8204494}, 'viewport': {'northeast': {'lat': 1.278408280291502, 'lng': 103.8217796302915}, 'southwest': {'lat': 1.275710319708498, 'lng': 103.8190816697085}}}",,,"['police', 'point_of_interest', 'establishment']","15 Telok Blangah Crescent Mount, Faber View, #01-250, Singapore",,1.2770016,103.8204494
ChIJ8_nKk9gb2jERtOLxlkYedds,Radin Mas Neighbourhood Police Post (e-Kiosk),OPERATIONAL,"{'location': {'lat': 1.2770016, 'lng': 103.8204494}, 'viewport': {'northeast': {'lat': 1.278408280291502, 'lng': 103.8217796302915}, 'southwest': {'lat': 1.275710319708498, 'lng': 103.8190816697085}}}",,,"['police', 'point_of_interest', 'establishment']","15 Telok Blangah Crescent Mount, Faber View, #01-250, Singapore",,1.2770016,103.8204494
ChIJa62rVGQZ2jERq94tNOTL-TU,Tanjong Pagar Neighbourhood Police Post (e-Kiosk),OPERATIONAL,"{'location': {'lat': 1.2772367, 'lng': 103.830021}, 'viewport': {'northeast': {'lat': 1.278798130291502, 'lng': 103.8312769302915}, 'southwest': {'lat': 1.276100169708498, 'lng': 103.8285789697085}}}",,,"['police', 'point_of_interest', 'establishment']","144 Jalan Bukit Merah, #01-1114, Singapore",,1.2772367,103.830021
ChIJt_LF3W0Z2jERshj1hCKO66o,Commercial Affairs Department,OPERATIONAL,"{'location': {'lat': 1.278478, 'lng': 103.8394409}, 'viewport': {'northeast': {'lat': 1.280057580291502, 'lng': 103.8405877802915}, 'southwest': {'lat': 1.277359619708498, 'lng': 103.8378898197085}}}",,,"['police', 'point_of_interest', 'establishment']","391, #06-701 New Bridge Road, Block D Police Cantonment Complex (PCC)",,1.278478,103.8394409
ChIJK4mawgoZ2jERsivPctlY3yQ,Bukit Merah East Neighbourhood Police Centre,OPERATIONAL,"{'location': {'lat': 1.2785504, 'lng': 103.8396664}, 'viewport': {'northeast': {'lat': 1.280162880291502, 'lng': 103.8407774802915}, 'southwest': {'lat': 1.277464919708498, 'lng': 103.8380795197085}}}",,,"['police', 'point_of_interest', 'establishment']","391 New Bridge Road, Block A Police Cantonment Complex (PCC)",,1.2785504,103.8396664
ChIJt_LF3W0Z2jER_oh0kxospzo,Police Regulatory Department,OPERATIONAL,"{'location': {'lat': 1.278539, 'lng': 103.8396408}, 'viewport': {'northeast': {'lat': 1.280148280291502, 'lng': 103.8407547802915}, 'southwest': {'lat': 1.277450319708498, 'lng': 103.8380568197085}}}",,,"['police', 'point_of_interest', 'establishment']",391 New Bridge Road,,1.278539,103.8396408
ChIJAQDA520Z2jERJzmIuf0WS4U,Police Cantonment Complex (PCC),OPERATIONAL,"{'location': {'lat': 1.2785504, 'lng': 103.8396664}, 'viewport': {'northeast': {'lat': 1.279951180291502, 'lng': 103.8405088302915}, 'southwest': {'lat': 1.277253219708498, 'lng': 103.8378108697085}}}",,,"['police', 'point_of_interest', 'establishment']",391 New Bridge Road,,1.2785504,103.8396664
ChIJ1bdV720Z2jER3m9oulH69WU,Central Police Divisional Headquarters,OPERATIONAL,"{'location': {'lat': 1.2785504, 'lng': 103.8396664}, 'viewport': {'northeast': {'lat': 1.280162880291502, 'lng': 103.8407774802915}, 'southwest': {'lat': 1.277464919708498, 'lng': 103.8380795197085}}}",,,"['police', 'point_of_interest', 'establishment']","391, Block A New Bridge Road, #03-112 Police Cantonment Complex (PCC)",,1.2785504,103.8396664
ChIJz6_w320Z2jERnQTray0XFbg,Criminal Investigation Department,OPERATIONAL,"{'location': {'lat': 1.2789566, 'lng': 103.8394146}, 'viewport': {'northeast': {'lat': 1.280394580291502, 'lng': 103.8406832302915}, 'southwest': {'lat': 1.277696619708498, 'lng': 103.8379852697085}}}",,,"['police', 'point_of_interest', 'establishment']",391 New Bridge Road,,1.2789566,103.8394146
ChIJS9l9TW0Z2jERe5cu-ZqKp_4,Anytime Valets Pte Ltd,OPERATIONAL,"{'location': {'lat': 1.2758528, 'lng': 103.8443611}, 'viewport': {'northeast': {'lat': 1.277176930291502, 'lng': 103.8458116802915}, 'southwest': {'lat': 1.274478969708498, 'lng': 103.8431137197085}}}",52.0,4.8,"['parking', 'police', 'point_of_interest', 'establishment']",100 Peck Seah Street,,1.2758528,103.8443611
ChIJhc5aDhQZ2jERaJWcFQ163b4,Marina Bay Neighbourhood Police Centre,OPERATIONAL,"{'location': {'lat': 1.2746839, 'lng': 103.848937}, 'viewport': {'northeast': {'lat': 1.275964480291502, 'lng': 103.8504003802915}, 'southwest': {'lat': 1.273266519708498, 'lng': 103.8477024197085}}}",,,"['police', 'point_of_interest', 'establishment']",70 Marina View,,1.2746839,103.848937
ChIJhc5aDhQZ2jERaJWcFQ163b4,Marina Bay Neighbourhood Police Centre,OPERATIONAL,"{'location': {'lat': 1.2746839, 'lng': 103.848937}, 'viewport': {'northeast': {'lat': 1.275964480291502, 'lng': 103.8504003802915}, 'southwest': {'lat': 1.273266519708498, 'lng': 103.8477024197085}}}",,,"['police', 'point_of_interest', 'establishment']",70 Marina View,,1.2746839,103.848937
ChIJ3yq2QX4Z2jERrAnmHl6lJks,Bukit Merah West Neighbourhood Police Centre,OPERATIONAL,"{'location': {'lat': 1.2859151, 'lng': 103.823354}, 'viewport': {'northeast': {'lat': 1.287166130291502, 'lng': 103.8244093802915}, 'southwest': {'lat': 1.284468169708498, 'lng': 103.8217114197085}}}",,,"['police', 'point_of_interest', 'establishment']","500 Bukit Merah View, #01-01, Singapore",,1.2859151,103.823354
ChIJt_LF3W0Z2jERshj1hCKO66o,Commercial Affairs Department,OPERATIONAL,"{'location': {'lat': 1.278478, 'lng': 103.8394409}, 'viewport': {'northeast': {'lat': 1.280057580291502, 'lng': 103.8405877802915}, 'southwest': {'lat': 1.277359619708498, 'lng': 103.8378898197085}}}",,,"['police', 'point_of_interest', 'establishment']","391, #06-701 New Bridge Road, Block D Police Cantonment Complex (PCC)",,1.278478,103.8394409
ChIJK4mawgoZ2jERsivPctlY3yQ,Bukit Merah East Neighbourhood Police Centre,OPERATIONAL,"{'location': {'lat': 1.2785504, 'lng': 103.8396664}, 'viewport': {'northeast': {'lat': 1.280162880291502, 'lng': 103.8407774802915}, 'southwest': {'lat': 1.277464919708498, 'lng': 103.8380795197085}}}",,,"['police', 'point_of_interest', 'establishment']","391 New Bridge Road, Block A Police Cantonment Complex (PCC)",,1.2785504,103.8396664
ChIJAQDA520Z2jERJzmIuf0WS4U,Police Cantonment Complex (PCC),OPERATIONAL,"{'location': {'lat': 1.2785504, 'lng': 103.8396664}, 'viewport': {'northeast': {'lat': 1.279951180291502, 'lng': 103.8405088302915}, 'southwest': {'lat': 1.277253219708498, 'lng': 103.8378108697085}}}",,,"['police', 'point_of_interest', 'establishment']",391 New Bridge Road,,1.2785504,103.8396664
ChIJt_LF3W0Z2jER_oh0kxospzo,Police Regulatory Department,OPERATIONAL,"{'location': {'lat': 1.278539, 'lng': 103.8396408}, 'viewport': {'northeast': {'lat': 1.280148280291502, 'lng': 103.8407547802915}, 'southwest': {'lat': 1.277450319708498, 'lng': 103.8380568197085}}}",,,"['police', 'point_of_interest', 'establishment']",391 New Bridge Road,,1.278539,103.8396408
ChIJz6_w320Z2jERnQTray0XFbg,Criminal Investigation Department,OPERATIONAL,"{'location': {'lat': 1.2789566, 'lng': 103.8394146}, 'viewport': {'northeast': {'lat': 1.280394580291502, 'lng': 103.8406832302915}, 'southwest': {'lat': 1.277696619708498, 'lng': 103.8379852697085}}}",,,"['police', 'point_of_interest', 'establishment']",391 New Bridge Road,,1.2789566,103.8394146
ChIJ1bdV720Z2jER3m9oulH69WU,Central Police Divisional Headquarters,OPERATIONAL,"{'location': {'lat': 1.2785504, 'lng': 103.8396664}, 'viewport': {'northeast': {'lat': 1.280162880291502, 'lng': 103.8407774802915}, 'southwest': {'lat': 1.277464919708498, 'lng': 103.8380795197085}}}",,,"['police', 'point_of_interest', 'establishment']","391, Block A New Bridge Road, #03-112 Police Cantonment Complex (PCC)",,1.2785504,103.8396664
ChIJuR8BAwsZ2jERWQBgH9OokCw,Kreta Ayer Neighbourhood Police Post (e-Kiosk),OPERATIONAL,"{'location': {'lat': 1.2865537, 'lng': 103.8471311}, 'viewport': {'northeast': {'lat': 1.287977830291502, 'lng': 103.8485170802915}, 'southwest': {'lat': 1.285279869708498, 'lng': 103.8458191197085}}}",,,"['museum', 'police', 'point_of_interest', 'establishment']",55 North Canal Road,,1.2865537,103.8471311
ChIJw0E6Pssb2jERspX1RVglhWw,Queenstown Neighbourhood Police Centre,OPERATIONAL,"{'location': {'lat': 1.2882422, 'lng': 103.8030814}, 'viewport': {'northeast': {'lat': 1.289651680291502, 'lng': 103.8045753802915}, 'southwest': {'lat': 1.286953719708498, 'lng': 103.8018774197085}}}",,,"['police', 'point_of_interest', 'establishment']","3 Queensway, #01-03, Singapore",,1.2882422,103.8030814
ChIJWx0anYEZ2jERz0EebzOYy88,River Valley Neighbourhood Police Post,CLOSED_TEMPORARILY,"{'location': {'lat': 1.2917666, 'lng': 103.826274}, 'viewport': {'northeast': {'lat': 1.293184480291502, 'lng': 103.8275933302915}, 'southwest': {'lat': 1.290486519708498, 'lng': 103.8248953697085}}}",,,"['police', 'point_of_interest', 'establishment']","Delta Avenue, #01-02 Blk 4",True,1.2917666,103.826274
ChIJtZdDr3gZ2jERlm4bgEsDlDw,Kim Seng Neighbourhood Police Post (e-Kiosk),OPERATIONAL,"{'location': {'lat': 1.2889182, 'lng': 103.8281259}, 'viewport': {'northeast': {'lat': 1.290110380291502, 'lng': 103.8293392302915}, 'southwest': {'lat': 1.287412419708498, 'lng': 103.8266412697085}}}",,,"['police', 'point_of_interest', 'establishment']",5 Beo Crescent,,1.2889182,103.8281259
ChIJ3yq2QX4Z2jERrAnmHl6lJks,Bukit Merah West Neighbourhood Police Centre,OPERATIONAL,"{'location': {'lat': 1.2859151, 'lng': 103.823354}, 'viewport': {'northeast': {'lat': 1.287166130291502, 'lng': 103.8244093802915}, 'southwest': {'lat': 1.284468169708498, 'lng': 103.8217114197085}}}",,,"['police', 'point_of_interest', 'establishment']","500 Bukit Merah View, #01-01, Singapore",,1.2859151,103.823354
ChIJtZdDr3gZ2jERlm4bgEsDlDw,Kim Seng Neighbourhood Police Post (e-Kiosk),OPERATIONAL,"{'location': {'lat': 1.2889182, 'lng': 103.8281259}, 'viewport': {'northeast': {'lat': 1.290110380291502, 'lng': 103.8293392302915}, 'southwest': {'lat': 1.287412419708498, 'lng': 103.8266412697085}}}",,,"['police', 'point_of_interest', 'establishment']",5 Beo Crescent,,1.2889182,103.8281259
ChIJuR8BAwsZ2jERWQBgH9OokCw,Kreta Ayer Neighbourhood Police Post (e-Kiosk),OPERATIONAL,"{'location': {'lat': 1.2865537, 'lng': 103.8471311}, 'viewport': {'northeast': {'lat': 1.287977830291502, 'lng': 103.8485170802915}, 'southwest': {'lat': 1.285279869708498, 'lng': 103.8458191197085}}}",,,"['museum', 'police', 'point_of_interest', 'establishment']",55 North Canal Road,,1.2865537,103.8471311
ChIJH2LnQ8sb2jERA-RABTXay8c,Special Operations Command,OPERATIONAL,"{'location': {'lat': 1.2966201, 'lng': 103.8002216}, 'viewport': {'northeast': {'lat': 1.298014930291502, 'lng': 103.8014592802915}, 'southwest': {'lat': 1.295316969708498, 'lng': 103.7987613197085}}}",,,"['police', 'point_of_interest', 'establishment']","Queensway, Singapore",,1.2966201,103.8002216
ChIJH2LnQ8sb2jERA-RABTXay8c,Special Operations Command,OPERATIONAL,"{'location': {'lat': 1.2966201, 'lng': 103.8002216}, 'viewport': {'northeast': {'lat': 1.298014930291502, 'lng': 103.8014592802915}, 'southwest': {'lat': 1.295316969708498, 'lng': 103.7987613197085}}}",,,"['police', 'point_of_interest', 'establishment']","Queensway, Singapore",,1.2966201,103.8002216
ChIJec8HUJcZ2jER2wSO1OFFlCw,Orchard Neighbourhood Police Centre,OPERATIONAL,"{'location': {'lat': 1.2990477, 'lng': 103.8398122}, 'viewport': {'northeast': {'lat': 1.300486630291502, 'lng': 103.8410539802915}, 'southwest': {'lat': 1.297788669708498, 'lng': 103.8383560197085}}}",,,"['police', 'point_of_interest', 'establishment']","51 Killiney Road, Singapore",,1.2990477,103.8398122
ChIJHXjb3zwZ2jERkUNLMfJHEzw,TP Lazer Speed Cam,OPERATIONAL,"{'location': {'lat': 1.2999351, 'lng': 103.8635334}, 'viewport': {'northeast': {'lat': 1.301204330291502, 'lng': 103.8649356802915}, 'southwest': {'lat': 1.298506369708498, 'lng': 103.8622377197085}}}",,,"['police', 'point_of_interest', 'establishment']","20 Republic Avenue, Nicoll Highway",,1.2999351,103.8635334
ChIJC7d9dvIa2jERhWM63Coasyg,West Coast Neighbourhood Police Post (e-Kiosk),OPERATIONAL,"{'location': {'lat': 1.3048975, 'lng': 103.764061}, 'viewport': {'northeast': {'lat': 1.306293880291502, 'lng': 103.7655165802915}, 'southwest': {'lat': 1.303595919708498, 'lng': 103.7628186197085}}}",,,"['police', 'point_of_interest', 'establishment']","728 Clementi West Street 2, #01-418",,1.3048975,103.764061
ChIJC7d9dvIa2jERhWM63Coasyg,West Coast Neighbourhood Police Post (e-Kiosk),OPERATIONAL,"{'location': {'lat': 1.3048975, 'lng': 103.764061}, 'viewport': {'northeast': {'lat': 1.306293880291502, 'lng': 103.7655165802915}, 'southwest': {'lat': 1.303595919708498, 'lng': 103.7628186197085}}}",,,"['police', 'point_of_interest', 'establishment']","728 Clementi West Street 2, #01-418",,1.3048975,103.764061
ChIJ73qudVwa2jERlggLteLz6nU,Dover Neighbourhood Police Post,CLOSED_TEMPORARILY,"{'location': {'lat': 1.3038459, 'lng': 103.782178}, 'viewport': {'northeast': {'lat': 1.305128030291502, 'lng': 103.7834278802915}, 'southwest': {'lat': 1.302430069708498, 'lng': 103.7807299197085}}}",,,"['police', 'point_of_interest', 'establishment']","3 Dover Road, #01-368, 130003 Block 3",True,1.3038459,103.782178
ChIJ39iOiz8a2jER6Wv2o-9yeGs,Commonwealth Neighbourhood Police Post,CLOSED_TEMPORARILY,"{'location': {'lat': 1.3064668, 'lng': 103.7986927}, 'viewport': {'northeast': {'lat': 1.307843430291502, 'lng': 103.8001274302915}, 'southwest': {'lat': 1.305145469708498, 'lng': 103.7974294697085}}}",,,"['police', 'point_of_interest', 'establishment']","111 Commonwealth Crescent, Block 111, Singapore",True,1.3064668,103.7986927
ChIJ4f6oMwAb2jER4IfrJyG2ofo,Speed camera,OPERATIONAL,"{'location': {'lat': 1.3009277, 'lng': 103.7998921}, 'viewport': {'northeast': {'lat': 1.302253830291502, 'lng': 103.8012197302915}, 'southwest': {'lat': 1.299555869708498, 'lng': 103.7985217697085}}}",,,"['police', 'point_of_interest', 'establishment']","Commonwealth Avenue West towards Commonwealth Avenue.311672, #103",,1.3009277,103.7998921
ChIJ4f6oMwAb2jER4IfrJyG2ofo,Speed camera,OPERATIONAL,"{'location': {'lat': 1.3009277, 'lng': 103.7998921}, 'viewport': {'northeast': {'lat': 1.302253830291502, 'lng': 103.8012197302915}, 'southwest': {'lat': 1.299555869708498, 'lng': 103.7985217697085}}}",,,"['police', 'point_of_interest', 'establishment']","Commonwealth Avenue West towards Commonwealth Avenue.311672, #103",,1.3009277,103.7998921
ChIJU3hugYoZ2jERWXK-13mNP28,Interpol,OPERATIONAL,"{'location': {'lat': 1.3059199, 'lng': 103.8223164}, 'viewport': {'northeast': {'lat': 1.307221780291502, 'lng': 103.8233021802915}, 'southwest': {'lat': 1.304523819708498, 'lng': 103.8206042197085}}}",,,"['police', 'point_of_interest', 'establishment']",18 Napier Road,,1.3059199,103.8223164
ChIJzaDud7gZ2jERT-dVKHMMM1k,Rochor Neighbourhood Police Centre,OPERATIONAL,"{'location': {'lat': 1.3077453, 'lng': 103.854309}, 'viewport': {'northeast': {'lat': 1.309038630291502, 'lng': 103.8557517302915}, 'southwest': {'lat': 1.306340669708498, 'lng': 103.8530537697085}}}",,,"['police', 'point_of_interest', 'establishment']",11 Kampong Kapor Road,,1.3077453,103.854309
ChIJXYDrOLQZ2jERl7WNMpiZC40,Kampong Glam Neighbourhood Police Post (e-Kiosk),OPERATIONAL,"{'location': {'lat': 1.3039796, 'lng': 103.8634349}, 'viewport': {'northeast': {'lat': 1.305390680291502, 'lng': 103.8647952302915}, 'southwest': {'lat': 1.302692719708498, 'lng': 103.8620972697085}}}",,,"['police', 'point_of_interest', 'establishment']","17A Beach Road, Singapore",,1.3039796,103.8634349
ChIJXYDrOLQZ2jERl7WNMpiZC40,Kampong Glam Neighbourhood Police Post (e-Kiosk),OPERATIONAL,"{'location': {'lat': 1.3039796, 'lng': 103.8634349}, 'viewport': {'northeast': {'lat': 1.305390680291502, 'lng': 103.8647952302915}, 'southwest': {'lat': 1.302692719708498, 'lng': 103.8620972697085}}}",,,"['police', 'point_of_interest', 'establishment']","17A Beach Road, Singapore",,1.3039796,103.8634349
ChIJHXjb3zwZ2jERkUNLMfJHEzw,TP Lazer Speed Cam,OPERATIONAL,"{'location': {'lat': 1.2999351, 'lng': 103.8635334}, 'viewport': {'northeast': {'lat': 1.301204330291502, 'lng': 103.8649356802915}, 'southwest': {'lat': 1.298506369708498, 'lng': 103.8622377197085}}}",,,"['police', 'point_of_interest', 'establishment']","20 Republic Avenue, Nicoll Highway",,1.2999351,103.8635334
ChIJOwsS6nMY2jER7XlhJVsvr7o,Marine Parade Neighbourhood Police Post,OPERATIONAL,"{'location': {'lat': 1.30344, 'lng': 103.9069467}, 'viewport': {'northeast': {'lat': 1.304826580291502, 'lng': 103.9082163302915}, 'southwest': {'lat': 1.302128619708498, 'lng': 103.9055183697085}}}",,,"['police', 'point_of_interest', 'establishment']","74 Marine Drive, #01-35",,1.30344,103.9069467
ChIJwX4W4J8i2jERildguMCslhw,Marine Parade Neighbourhood Police Centre,OPERATIONAL,"{'location': {'lat': 1.3063262, 'lng': 103.914555}, 'viewport': {'northeast': {'lat': 1.307701680291502, 'lng': 103.9158532802915}, 'southwest': {'lat': 1.305003719708498, 'lng': 103.9131553197085}}}",,,"['police', 'point_of_interest', 'establishment']",300 Marine Parade Road,,1.3063262,103.914555
ChIJ50H29Y0a2jERpGtNyRewJok,Clementi Neighbourhood Police Post (e-Kiosk),CLOSED_TEMPORARILY,"{'location': {'lat': 1.3119746, 'lng': 103.7641789}, 'viewport': {'northeast': {'lat': 1.313424830291502, 'lng': 103.7656203302915}, 'southwest': {'lat': 1.310726869708498, 'lng': 103.7629223697085}}}",,,"['police', 'point_of_interest', 'establishment']","427 Clementi Avenue 3, #01-456, Singapore",True,1.3119746,103.7641789
ChIJ50H29Y0a2jERpGtNyRewJok,Clementi Neighbourhood Police Post (e-Kiosk),CLOSED_TEMPORARILY,"{'location': {'lat': 1.3119746, 'lng': 103.7641789}, 'viewport': {'northeast': {'lat': 1.313424830291502, 'lng': 103.7656203302915}, 'southwest': {'lat': 1.310726869708498, 'lng': 103.7629223697085}}}",,,"['police', 'point_of_interest', 'establishment']","427 Clementi Avenue 3, #01-456, Singapore",True,1.3119746,103.7641789
ChIJYxagfwAb2jERqGm3s9TMkAA,Speed cameras,OPERATIONAL,"{'location': {'lat': 1.3113849, 'lng': 103.7786069}, 'viewport': {'northeast': {'lat': 1.312692780291502, 'lng': 103.7798047802915}, 'southwest': {'lat': 1.309994819708498, 'lng': 103.7771068197085}}}",,,"['police', 'point_of_interest', 'establishment']","1.311444, 103.778340 Commonwealth Avenue West, Singapore",,1.3113849,103.7786069
ChIJYxagfwAb2jERqGm3s9TMkAA,Speed cameras,OPERATIONAL,"{'location': {'lat': 1.3113849, 'lng': 103.7786069}, 'viewport': {'northeast': {'lat': 1.312692780291502, 'lng': 103.7798047802915}, 'southwest': {'lat': 1.309994819708498, 'lng': 103.7771068197085}}}",,,"['police', 'point_of_interest', 'establishment']","1.311444, 103.778340 Commonwealth Avenue West, Singapore",,1.3113849,103.7786069
ChIJzeD5Imoa2jERih3LNGr2MSM,Buona Vista Neighbourhood Police Post (e-Kiosk),OPERATIONAL,"{'location': {'lat': 1.3093465, 'lng': 103.7931616}, 'viewport': {'northeast': {'lat': 1.310369880291502, 'lng': 103.7945718302915}, 'southwest': {'lat': 1.307671919708498, 'lng': 103.7918738697085}}}",,,"['police', 'point_of_interest', 'establishment']","block 13 Holland Drive, #01-38/40",,1.3093465,103.7931616
ChIJzeD5Imoa2jERih3LNGr2MSM,Buona Vista Neighbourhood Police Post (e-Kiosk),OPERATIONAL,"{'location': {'lat': 1.3093465, 'lng': 103.7931616}, 'viewport': {'northeast': {'lat': 1.310369880291502, 'lng': 103.7945718302915}, 'southwest': {'lat': 1.307671919708498, 'lng': 103.7918738697085}}}",,,"['police', 'point_of_interest', 'establishment']","block 13 Holland Drive, #01-38/40",,1.3093465,103.7931616
ChIJVW-dkcEZ2jER4daYG22LdeA,Tanglin Police Division HQ,OPERATIONAL,"{'location': {'lat': 1.3120546, 'lng': 103.8466991}, 'viewport': {'northeast': {'lat': 1.313424880291502, 'lng': 103.8480714302915}, 'southwest': {'lat': 1.310726919708498, 'lng': 103.8453734697085}}}",,,"['police', 'point_of_interest', 'establishment']","21 Kg Java Road, Singapore",,1.3120546,103.8466991
ChIJVTaajcEZ2jERfuV2MWz-BUE,Kampong Java Neighbourhood Police Centre,OPERATIONAL,"{'location': {'lat': 1.311967, 'lng': 103.8465345}, 'viewport': {'northeast': {'lat': 1.313260130291502, 'lng': 103.8479808802915}, 'southwest': {'lat': 1.310562169708498, 'lng': 103.8452829197085}}}",,,"['police', 'point_of_interest', 'establishment']",21 Kg Java Road,,1.311967,103.8465345
ChIJzaDud7gZ2jERT-dVKHMMM1k,Rochor Neighbourhood Police Centre,OPERATIONAL,"{'location': {'lat': 1.3077453, 'lng': 103.854309}, 'viewport': {'northeast': {'lat': 1.309038630291502, 'lng': 103.8557517302915}, 'southwest': {'lat': 1.306340669708498, 'lng': 103.8530537697085}}}",,,"['police', 'point_of_interest', 'establishment']",11 Kampong Kapor Road,,1.3077453,103.854309
ChIJy2sEqooX2jERQ6zE-a-spzE,Geylang Neighbourhood Police Centre,OPERATIONAL,"{'location': {'lat': 1.3109594, 'lng': 103.8861338}, 'viewport': {'northeast': {'lat': 1.312262380291502, 'lng': 103.8873494302915}, 'southwest': {'lat': 1.309564419708498, 'lng': 103.8846514697085}}}",,,"['police', 'point_of_interest', 'establishment']","1 Cassia Link, Singapore",,1.3109594,103.8861338
ChIJNxwgYhIY2jER6MbZn0utsXI,Joo Chiat Neighbourhood Police Post,OPERATIONAL,"{'location': {'lat': 1.3099274, 'lng': 103.9015236}, 'viewport': {'northeast': {'lat': 1.311208080291502, 'lng': 103.9027737302915}, 'southwest': {'lat': 1.308510119708498, 'lng': 103.9000757697085}}}",,,"['police', 'point_of_interest', 'establishment']","267 Onan Road, Singapore",,1.3099274,103.9015236
ChIJwX4W4J8i2jERildguMCslhw,Marine Parade Neighbourhood Police Centre,OPERATIONAL,"{'location': {'lat': 1.3063262, 'lng': 103.914555}, 'viewport': {'northeast': {'lat': 1.307701680291502, 'lng': 103.9158532802915}, 'southwest': {'lat': 1.305003719708498, 'lng': 103.9131553197085}}}",,,"['police', 'point_of_interest', 'establishment']",300 Marine Parade Road,,1.3063262,103.914555
ChIJF5IEsbsi2jERVgrncP3yTVI,Siglap Neighbourhood Police Post (e-Kiosk),OPERATIONAL,"{'location': {'lat': 1.3139359, 'lng': 103.9297353}, 'viewport': {'northeast': {'lat': 1.315117080291502, 'lng': 103.9311361802915}, 'southwest': {'lat': 1.312419119708498, 'lng': 103.9284382197085}}}",,,"['police', 'local_government_office', 'point_of_interest', 'establishment']",125 Upper East Coast Road,,1.3139359,103.9297353
ChIJr69NlKUa2jERxGztJKJT7Y0,Ayer Rajah Neighbourhood Police Post (e-Kiosk),OPERATIONAL,"{'location': {'lat': 1.3210765, 'lng': 103.7417555}, 'viewport': {'northeast': {'lat': 1.322362980291502, 'lng': 103.7430506802915}, 'southwest': {'lat': 1.319665019708498, 'lng': 103.7403527197085}}}",,,"['police', 'point_of_interest', 'establishment']","43 Teban Gardens Road, #04-391, Singapore",,1.3210765,103.7417555
ChIJCc6Gfoca2jER_27RgUj-s18,Protective Security Command,OPERATIONAL,"{'location': {'lat': 1.3195461, 'lng': 103.7720439}, 'viewport': {'northeast': {'lat': 1.320772880291502, 'lng': 103.7732263302915}, 'southwest': {'lat': 1.318074919708498, 'lng': 103.7705283697085}}}",,,"['police', 'point_of_interest', 'establishment']",300 Ulu Pandan Road,,1.3195461,103.7720439
ChIJCc6Gfoca2jER_27RgUj-s18,Protective Security Command,OPERATIONAL,"{'location': {'lat': 1.3195461, 'lng': 103.7720439}, 'viewport': {'northeast': {'lat': 1.320772880291502, 'lng': 103.7732263302915}, 'southwest': {'lat': 1.318074919708498, 'lng': 103.7705283697085}}}",,,"['police', 'point_of_interest', 'establishment']",300 Ulu Pandan Road,,1.3195461,103.7720439
ChIJYxMbMYca2jERVOd8Bor7Iic,Police Kins Training Camp,OPERATIONAL,"{'location': {'lat': 1.3218597, 'lng': 103.7733207}, 'viewport': {'northeast': {'lat': 1.323284630291502, 'lng': 103.7746598302915}, 'southwest': {'lat': 1.320586669708498, 'lng': 103.7719618697085}}}",,,"['police', 'point_of_interest', 'establishment']",310 Ulu Pandan Road,,1.3218597,103.7733207
ChIJ4Sbua9EZ2jERFbqfWk8XWPY,Kallang Neighbourhood Police Post (e-Kiosk),OPERATIONAL,"{'location': {'lat': 1.320389, 'lng': 103.86108}, 'viewport': {'northeast': {'lat': 1.321731480291502, 'lng': 103.8624853302915}, 'southwest': {'lat': 1.319033519708498, 'lng': 103.8597873697085}}}",,,"['police', 'point_of_interest', 'establishment']","105 Towner Road, #08-414, Singapore",,1.320389,103.86108
ChIJN5P3gSsY2jER-ffMxtiQVEc,Kolam Ayer Neighbourhood Police Post (e-kiosk),OPERATIONAL,"{'location': {'lat': 1.3219069, 'lng': 103.8710483}, 'viewport': {'northeast': {'lat': 1.323208280291502, 'lng': 103.8723196302915}, 'southwest': {'lat': 1.320510319708498, 'lng': 103.8696216697085}}}",,,"['police', 'point_of_interest', 'establishment']","72 Geylang Bahru, #01-3038, Singapore",,1.3219069,103.8710483
ChIJY8xBayQY2jERHd456skAql8,Geylang Serai Neighbourhood Police Post (e-kiosk),OPERATIONAL,"{'location': {'lat': 1.3204776, 'lng': 103.8840823}, 'viewport': {'northeast': {'lat': 1.321860780291502, 'lng': 103.8853841302915}, 'southwest': {'lat': 1.319162819708498, 'lng': 103.8826861697085}}}",,,"['police', 'point_of_interest', 'establishment']","111 Aljunied Crescent, Block 111",,1.3204776,103.8840823
ChIJY8xBayQY2jERHd456skAql8,Geylang Serai Neighbourhood Police Post (e-kiosk),OPERATIONAL,"{'location': {'lat': 1.3204776, 'lng': 103.8840823}, 'viewport': {'northeast': {'lat': 1.321860780291502, 'lng': 103.8853841302915}, 'southwest': {'lat': 1.319162819708498, 'lng': 103.8826861697085}}}",,,"['police', 'point_of_interest', 'establishment']","111 Aljunied Crescent, Block 111",,1.3204776,103.8840823
ChIJ0QLUkk4Z2jER9-1iAADIAA4,Deep Security Guard Services / Virtual Guarding / Technology Distribution,OPERATIONAL,"{'location': {'lat': 1.3191725, 'lng': 103.8925563}, 'viewport': {'northeast': {'lat': 1.320440180291502, 'lng': 103.8936008802915}, 'southwest': {'lat': 1.317742219708498, 'lng': 103.8909029197085}}}",,,"['police', 'point_of_interest', 'establishment']","60 Paya Lebar Road, #07 54 Lebar Square",,1.3191725,103.8925563
ChIJuWd0rxwY2jEROIw_2vYJpuo,Kampong Ubi Neighbourhood Police Post,CLOSED_TEMPORARILY,"{'location': {'lat': 1.3218617, 'lng': 103.9030843}, 'viewport': {'northeast': {'lat': 1.323051780291502, 'lng': 103.9044903302915}, 'southwest': {'lat': 1.320353819708498, 'lng': 103.9017923697085}}}",,,"['police', 'point_of_interest', 'establishment']","9 Eunos Crescent, #01-2687, Singapore",True,1.3218617,103.9030843
ChIJF5IEsbsi2jERVgrncP3yTVI,Siglap Neighbourhood Police Post (e-Kiosk),OPERATIONAL,"{'location': {'lat': 1.3139359, 'lng': 103.9297353}, 'viewport': {'northeast': {'lat': 1.315117080291502, 'lng': 103.9311361802915}, 'southwest': {'lat': 1.312419119708498, 'lng': 103.9284382197085}}}",,,"['police', 'local_government_office', 'point_of_interest', 'establishment']",125 Upper East Coast Road,,1.3139359,103.9297353
ChIJJ_rDdLYi2jER0WN4FX7XnCo,Bedok Neighbourhood Police Post,CLOSED_TEMPORARILY,"{'location': {'lat': 1.321, 'lng': 103.9359527}, 'viewport': {'northeast': {'lat': 1.322421680291502, 'lng': 103.9373581802915}, 'southwest': {'lat': 1.319723719708498, 'lng': 103.9346602197085}}}",,,"['police', 'point_of_interest', 'establishment']","15 Bedok South Road, #01-117, Singapore",True,1.321,103.9359527
ChIJr69NlKUa2jERxGztJKJT7Y0,Ayer Rajah Neighbourhood Police Post (e-Kiosk),OPERATIONAL,"{'location': {'lat': 1.3210765, 'lng': 103.7417555}, 'viewport': {'northeast': {'lat': 1.322362980291502, 'lng': 103.7430506802915}, 'southwest': {'lat': 1.319665019708498, 'lng': 103.7403527197085}}}",,,"['police', 'point_of_interest', 'establishment']","43 Teban Gardens Road, #04-391, Singapore",,1.3210765,103.7417555
ChIJT6yEHQAb2jEReRrOJebg-e4,Police Speed Camera,OPERATIONAL,"{'location': {'lat': 1.3231915, 'lng': 103.7461182}, 'viewport': {'northeast': {'lat': 1.324540480291502, 'lng': 103.7474671802915}, 'southwest': {'lat': 1.321842519708498, 'lng': 103.7447692197085}}}",,,"['police', 'point_of_interest', 'establishment']","Ayer Rajah Expressway, Marina Coastal Expressway, towards",,1.3231915,103.7461182
ChIJYxMbMYca2jERVOd8Bor7Iic,Police Kins Training Camp,OPERATIONAL,"{'location': {'lat': 1.3218597, 'lng': 103.7733207}, 'viewport': {'northeast': {'lat': 1.323284630291502, 'lng': 103.7746598302915}, 'southwest': {'lat': 1.320586669708498, 'lng': 103.7719618697085}}}",,,"['police', 'point_of_interest', 'establishment']",310 Ulu Pandan Road,,1.3218597,103.7733207
ChIJq6o6ZAYa2jERqo485avm1Cw,Bukit Timah Neighbourhood Police Centre,OPERATIONAL,"{'location': {'lat': 1.3227899, 'lng': 103.8123944}, 'viewport': {'northeast': {'lat': 1.324200130291502, 'lng': 103.8136752802915}, 'southwest': {'lat': 1.321502169708498, 'lng': 103.8109773197085}}}",,,"['police', 'point_of_interest', 'establishment']","1 Duke's Road, Singapore",,1.3227899,103.8123944
ChIJnRkPJ1gX2jERkbpUb0ZeQ6A,ISD Heritage Centre,OPERATIONAL,"{'location': {'lat': 1.3297412, 'lng': 103.8319831}, 'viewport': {'northeast': {'lat': 1.331041980291502, 'lng': 103.8333915302915}, 'southwest': {'lat': 1.328344019708498, 'lng': 103.8306935697085}}}",,,"['police', 'point_of_interest', 'establishment']",298229 Onraet Road,,1.3297412,103.8319831
ChIJ60bHLN4Z2jERpLoSc7jXha0,Police Headquarters,OPERATIONAL,"{'location': {'lat': 1.324142, 'lng': 103.845271}, 'viewport': {'northeast': {'lat': 1.325486880291502, 'lng': 103.8467960302915}, 'southwest': {'lat': 1.322788919708498, 'lng': 103.8440980697085}}}",,,"['police', 'local_government_office', 'point_of_interest', 'establishment']","28 Irrawaddy Road, New Phoenix Park",,1.324142,103.845271
ChIJN5IL6KsX2jERrFPKXsS5img,TP Mobile Speed Camera,OPERATIONAL,"{'location': {'lat': 1.3297691, 'lng': 103.8444337}, 'viewport': {'northeast': {'lat': 1.331332830291502, 'lng': 103.8457735302915}, 'southwest': {'lat': 1.328634869708498, 'lng': 103.8430755697085}}}",,,"['police', 'point_of_interest', 'establishment']","Lorong 1 Toa Payoh, Trellis Twrs",,1.3297691,103.8444337
ChIJOeS5t9cZ2jER7DZtEaYNHUA,Whampoa Neighbourhood Police Post,CLOSED_TEMPORARILY,"{'location': {'lat': 1.3252361, 'lng': 103.8587439}, 'viewport': {'northeast': {'lat': 1.326483930291502, 'lng': 103.8600143802915}, 'southwest': {'lat': 1.323785969708498, 'lng': 103.8573164197085}}}",,,"['police', 'point_of_interest', 'establishment']","29 Jalan Bahagia, #01-368 Whampoa Vista",True,1.3252361,103.8587439
ChIJN5P3gSsY2jER-ffMxtiQVEc,Kolam Ayer Neighbourhood Police Post (e-kiosk),OPERATIONAL,"{'location': {'lat': 1.3219069, 'lng': 103.8710483}, 'viewport': {'northeast': {'lat': 1.323208280291502, 'lng': 103.8723196302915}, 'southwest': {'lat': 1.320510319708498, 'lng': 103.8696216697085}}}",,,"['police', 'point_of_interest', 'establishment']","72 Geylang Bahru, #01-3038, Singapore",,1.3219069,103.8710483
ChIJo-tNtvoX2jERKmQwjs5b8OY,Public Transport Security Command (TransCom HQ),OPERATIONAL,"{'location': {'lat': 1.3275473, 'lng': 103.8795565}, 'viewport': {'northeast': {'lat': 1.328832030291502, 'lng': 103.8810065802915}, 'southwest': {'lat': 1.326134069708498, 'lng': 103.8783086197085}}}",,,"['police', 'point_of_interest', 'establishment']","2 Soon Wing Road, #01-#06",,1.3275473,103.8795565
ChIJuWd0rxwY2jEROIw_2vYJpuo,Kampong Ubi Neighbourhood Police Post,CLOSED_TEMPORARILY,"{'location': {'lat': 1.3218617, 'lng': 103.9030843}, 'viewport': {'northeast': {'lat': 1.323051780291502, 'lng': 103.9044903302915}, 'southwest': {'lat': 1.320353819708498, 'lng': 103.9017923697085}}}",,,"['police', 'point_of_interest', 'establishment']","9 Eunos Crescent, #01-2687, Singapore",True,1.3218617,103.9030843
ChIJlSuL_wAY2jERPFQX4tZxnIQ,Kampong Kembangan Neighbourhood Police Post,OPERATIONAL,"{'location': {'lat': 1.3236438, 'lng': 103.9116634}, 'viewport': {'northeast': {'lat': 1.324988180291502, 'lng': 103.9130562802915}, 'southwest': {'lat': 1.322290219708498, 'lng': 103.9103583197085}}}",,,"['police', 'point_of_interest', 'establishment']","112 Lengkong Tiga, Block 112, Singapore",,1.3236438,103.9116634
ChIJlSuL_wAY2jERPFQX4tZxnIQ,Kampong Kembangan Neighbourhood Police Post,OPERATIONAL,"{'location': {'lat': 1.3236438, 'lng': 103.9116634}, 'viewport': {'northeast': {'lat': 1.324988180291502, 'lng': 103.9130562802915}, 'southwest': {'lat': 1.322290219708498, 'lng': 103.9103583197085}}}",,,"['police', 'point_of_interest', 'establishment']","112 Lengkong Tiga, Block 112, Singapore",,1.3236438,103.9116634
ChIJC3xBgqsi2jER-vKGrkM7b1o,Bedok South Neighbourhood Police Post,OPERATIONAL,"{'location': {'lat': 1.32372, 'lng': 103.919797}, 'viewport': {'northeast': {'lat': 1.325076130291502, 'lng': 103.9209790302915}, 'southwest': {'lat': 1.322378169708498, 'lng': 103.9182810697085}}}",,,"['police', 'point_of_interest', 'establishment']",20 Chai Chee Drive,,1.32372,103.919797
ChIJq6qan7Ii2jER-wBHQjUP1Ws,Chai Chee Neighbourhood Police Post,CLOSED_TEMPORARILY,"{'location': {'lat': 1.324938, 'lng': 103.92616}, 'viewport': {'northeast': {'lat': 1.326334480291502, 'lng': 103.9273031802915}, 'southwest': {'lat': 1.323636519708498, 'lng': 103.9246052197085}}}",,,"['police', 'point_of_interest', 'establishment']","35 Chai Chee Avenue, #01-256/258 Ansar Garden",True,1.324938,103.92616
ChIJq6qan7Ii2jER-wBHQjUP1Ws,Chai Chee Neighbourhood Police Post,CLOSED_TEMPORARILY,"{'location': {'lat': 1.324938, 'lng': 103.92616}, 'viewport': {'northeast': {'lat': 1.326334480291502, 'lng': 103.9273031802915}, 'southwest': {'lat': 1.323636519708498, 'lng': 103.9246052197085}}}",,,"['police', 'point_of_interest', 'establishment']","35 Chai Chee Avenue, #01-256/258 Ansar Garden",True,1.324938,103.92616
ChIJJ_rDdLYi2jER0WN4FX7XnCo,Bedok Neighbourhood Police Post,CLOSED_TEMPORARILY,"{'location': {'lat': 1.321, 'lng': 103.9359527}, 'viewport': {'northeast': {'lat': 1.322421680291502, 'lng': 103.9373581802915}, 'southwest': {'lat': 1.319723719708498, 'lng': 103.9346602197085}}}",,,"['police', 'point_of_interest', 'establishment']","15 Bedok South Road, #01-117, Singapore",True,1.321,103.9359527
ChIJ5UeXnssi2jERIavASeD6Scw,Tanah Merah Neighbourhood Police Post,CLOSED_TEMPORARILY,"{'location': {'lat': 1.3234567, 'lng': 103.9422704}, 'viewport': {'northeast': {'lat': 1.324886880291502, 'lng': 103.9436037302915}, 'southwest': {'lat': 1.322188919708498, 'lng': 103.9409057697085}}}",,,"['police', 'point_of_interest', 'establishment']","51 New Upper Changi Road, #01-1514, Singapore",True,1.3234567,103.9422704
ChIJnRkPJ1gX2jERkbpUb0ZeQ6A,ISD Heritage Centre,OPERATIONAL,"{'location': {'lat': 1.3297412, 'lng': 103.8319831}, 'viewport': {'northeast': {'lat': 1.331041980291502, 'lng': 103.8333915302915}, 'southwest': {'lat': 1.328344019708498, 'lng': 103.8306935697085}}}",,,"['police', 'point_of_interest', 'establishment']",298229 Onraet Road,,1.3297412,103.8319831
ChIJN5IL6KsX2jERrFPKXsS5img,TP Mobile Speed Camera,OPERATIONAL,"{'location': {'lat': 1.3297691, 'lng': 103.8444337}, 'viewport': {'northeast': {'lat': 1.331332830291502, 'lng': 103.8457735302915}, 'southwest': {'lat': 1.328634869708498, 'lng': 103.8430755697085}}}",,,"['police', 'point_of_interest', 'establishment']","Lorong 1 Toa Payoh, Trellis Twrs",,1.3297691,103.8444337
ChIJmXhgC2YX2jER9OifIfydWpQ,Toa Payoh Neighbourhood Police Centre,OPERATIONAL,"{'location': {'lat': 1.3347939, 'lng': 103.8503825}, 'viewport': {'northeast': {'lat': 1.336121530291502, 'lng': 103.8516905302915}, 'southwest': {'lat': 1.333423569708498, 'lng': 103.8489925697085}}}",,,"['police', 'point_of_interest', 'establishment']","93 Toa Payoh Central, #01-02 Community Building, Singapore",,1.3347939,103.8503825
ChIJnW6fjngX2jER7PtUlfVjcr8,Potong Pasir Neighbourhood Police Post,OPERATIONAL,"{'location': {'lat': 1.3329712, 'lng': 103.8668492}, 'viewport': {'northeast': {'lat': 1.334295430291502, 'lng': 103.8681579802915}, 'southwest': {'lat': 1.331597469708498, 'lng': 103.8654600197085}}}",,,"['police', 'point_of_interest', 'establishment']","142 Potong Pasir Avenue 3, Block 142, Singapore",,1.3329712,103.8668492
ChIJRcuYVYUX2jERkTxLepI2NP8,Aljunied Neighbourhood Police Post,CLOSED_TEMPORARILY,"{'location': {'lat': 1.3356609, 'lng': 103.8794541}, 'viewport': {'northeast': {'lat': 1.336957580291502, 'lng': 103.8807802302915}, 'southwest': {'lat': 1.334259619708498, 'lng': 103.8780822697085}}}",,,"['police', 'point_of_interest', 'establishment']","13 Joo Seng Road, #01-69, Joo Seng Heights, Singapore",True,1.3356609,103.8794541
ChIJo-tNtvoX2jERKmQwjs5b8OY,Public Transport Security Command (TransCom HQ),OPERATIONAL,"{'location': {'lat': 1.3275473, 'lng': 103.8795565}, 'viewport': {'northeast': {'lat': 1.328832030291502, 'lng': 103.8810065802915}, 'southwest': {'lat': 1.326134069708498, 'lng': 103.8783086197085}}}",,,"['police', 'point_of_interest', 'establishment']","2 Soon Wing Road, #01-#06",,1.3275473,103.8795565
ChIJ28DTsvQX2jERHwn0Id9BDE4,Traffic Police Headquarters,OPERATIONAL,"{'location': {'lat': 1.330255, 'lng': 103.8912845}, 'viewport': {'northeast': {'lat': 1.331685480291502, 'lng': 103.8923883302915}, 'southwest': {'lat': 1.328987519708498, 'lng': 103.8896903697085}}}",,,"['police', 'point_of_interest', 'establishment']",10 Ubi Avenue 3,,1.330255,103.8912845
ChIJ28DTsvQX2jERHwn0Id9BDE4,Traffic Police Headquarters,OPERATIONAL,"{'location': {'lat': 1.330255, 'lng': 103.8912845}, 'viewport': {'northeast': {'lat': 1.331685480291502, 'lng': 103.8923883302915}, 'southwest': {'lat': 1.328987519708498, 'lng': 103.8896903697085}}}",,,"['police', 'point_of_interest', 'establishment']",10 Ubi Avenue 3,,1.330255,103.8912845
ChIJAQ8_3Fc92jERV8UjX9kw_3w,Eunos Neighborhood Police Post (e-Kiosk),OPERATIONAL,"{'location': {'lat': 1.3340758, 'lng': 103.9149331}, 'viewport': {'northeast': {'lat': 1.335303180291502, 'lng': 103.9162576802915}, 'southwest': {'lat': 1.332605219708498, 'lng': 103.9135597197085}}}",,,"['police', 'point_of_interest', 'establishment']","629 Bedok Reservoir Road, #01-1620, Singapore",,1.3340758,103.9149331
ChIJ888vC0892jERPi1SKKyC-KM,Kaki Bukit Neighbourhood Police Post,OPERATIONAL,"{'location': {'lat': 1.3341245, 'lng': 103.929726}, 'viewport': {'northeast': {'lat': 1.335502630291502, 'lng': 103.9311702302915}, 'southwest': {'lat': 1.332804669708498, 'lng': 103.9284722697085}}}",,,"['police', 'point_of_interest', 'establishment']","526 Bedok North Street 3, Kaki Bukit Garden, #01-448, Singapore",,1.3341245,103.929726
ChIJD5ux20k92jERYBRmTXoF5YE,Bedok Neighbourhood Police Centre,OPERATIONAL,"{'location': {'lat': 1.3324149, 'lng': 103.9372765}, 'viewport': {'northeast': {'lat': 1.333731530291502, 'lng': 103.9386065302915}, 'southwest': {'lat': 1.331033569708498, 'lng': 103.9359085697085}}}",,,"['police', 'point_of_interest', 'establishment']","30 Bedok North Road, Singapore",,1.3324149,103.9372765
ChIJYz310Uk92jER5PJWZcDIBrE,Bedok Police Division HQ,OPERATIONAL,"{'location': {'lat': 1.3325423, 'lng': 103.9371391}, 'viewport': {'northeast': {'lat': 1.333653730291502, 'lng': 103.9384123802915}, 'southwest': {'lat': 1.330955769708498, 'lng': 103.9357144197085}}}",,,"['police', 'point_of_interest', 'establishment']",30 Bedok North Road,,1.3325423,103.9371391
ChIJhcIZ8RoQ2jER3yEi4JRm7BM,Jurong East Neighbourhood Police Centre,OPERATIONAL,"{'location': {'lat': 1.3399941, 'lng': 103.737415}, 'viewport': {'northeast': {'lat': 1.341153430291502, 'lng': 103.7386029302915}, 'southwest': {'lat': 1.338455469708498, 'lng': 103.7359049697085}}}",,,"['police', 'point_of_interest', 'establishment']","92 Boon Lay Way, Singapore",,1.3399941,103.737415
ChIJhcIZ8RoQ2jER3yEi4JRm7BM,Jurong East Neighbourhood Police Centre,OPERATIONAL,"{'location': {'lat': 1.3399941, 'lng': 103.737415}, 'viewport': {'northeast': {'lat': 1.341153430291502, 'lng': 103.7386029302915}, 'southwest': {'lat': 1.338455469708498, 'lng': 103.7359049697085}}}",,,"['police', 'point_of_interest', 'establishment']","92 Boon Lay Way, Singapore",,1.3399941,103.737415
ChIJq_eUbWIQ2jER_kigNWUCr_0,Bukit Timah Neighbourhood Police Post (e-Kiosk),OPERATIONAL,"{'location': {'lat': 1.3395511, 'lng': 103.7745345}, 'viewport': {'northeast': {'lat': 1.340839180291502, 'lng': 103.7758733802915}, 'southwest': {'lat': 1.338141219708498, 'lng': 103.7731754197085}}}",,,"['police', 'point_of_interest', 'establishment']","1 Toh Yi Drive, #01-139 Toh Yi Gardens, Block 1",,1.3395511,103.7745345
ChIJbVEXemoX2jER6AFl0oMx970,Boon Teck Neighbourhood Police Post (e-Kiosk),OPERATIONAL,"{'location': {'lat': 1.3424025, 'lng': 103.8451531}, 'viewport': {'northeast': {'lat': 1.343900830291502, 'lng': 103.8465163802915}, 'southwest': {'lat': 1.341202869708498, 'lng': 103.8438184197085}}}",,,"['police', 'point_of_interest', 'establishment']","207 Toa Payoh North, #01-1231, Singapore",,1.3424025,103.8451531
ChIJmXhgC2YX2jER9OifIfydWpQ,Toa Payoh Neighbourhood Police Centre,OPERATIONAL,"{'location': {'lat': 1.3347939, 'lng': 103.8503825}, 'viewport': {'northeast': {'lat': 1.336121530291502, 'lng': 103.8516905302915}, 'southwest': {'lat': 1.333423569708498, 'lng': 103.8489925697085}}}",,,"['police', 'point_of_interest', 'establishment']","93 Toa Payoh Central, #01-02 Community Building, Singapore",,1.3347939,103.8503825
ChIJY2X9MmkX2jERoyngraY5a-I,Police Security Command,OPERATIONAL,"{'location': {'lat': 1.3379935, 'lng': 103.8602947}, 'viewport': {'northeast': {'lat': 1.339480730291502, 'lng': 103.8614095302915}, 'southwest': {'lat': 1.336782769708498, 'lng': 103.8587115697085}}}",,,"['police', 'point_of_interest', 'establishment']","31 Lorong 8 Toa Payoh, Singapore",,1.3379935,103.8602947
ChIJRcuYVYUX2jERkTxLepI2NP8,Aljunied Neighbourhood Police Post,CLOSED_TEMPORARILY,"{'location': {'lat': 1.3356609, 'lng': 103.8794541}, 'viewport': {'northeast': {'lat': 1.336957580291502, 'lng': 103.8807802302915}, 'southwest': {'lat': 1.334259619708498, 'lng': 103.8780822697085}}}",,,"['police', 'point_of_interest', 'establishment']","13 Joo Seng Road, #01-69, Joo Seng Heights, Singapore",True,1.3356609,103.8794541
ChIJAQ8_3Fc92jERV8UjX9kw_3w,Eunos Neighborhood Police Post (e-Kiosk),OPERATIONAL,"{'location': {'lat': 1.3340758, 'lng': 103.9149331}, 'viewport': {'northeast': {'lat': 1.335303180291502, 'lng': 103.9162576802915}, 'southwest': {'lat': 1.332605219708498, 'lng': 103.9135597197085}}}",,,"['police', 'point_of_interest', 'establishment']","629 Bedok Reservoir Road, #01-1620, Singapore",,1.3340758,103.9149331
ChIJ888vC0892jERPi1SKKyC-KM,Kaki Bukit Neighbourhood Police Post,OPERATIONAL,"{'location': {'lat': 1.3341245, 'lng': 103.929726}, 'viewport': {'northeast': {'lat': 1.335502630291502, 'lng': 103.9311702302915}, 'southwest': {'lat': 1.332804669708498, 'lng': 103.9284722697085}}}",,,"['police', 'point_of_interest', 'establishment']","526 Bedok North Street 3, Kaki Bukit Garden, #01-448, Singapore",,1.3341245,103.929726
ChIJ4bU4YwAJ2jERRl-Y7PzseIk,Speed camera,OPERATIONAL,"{'location': {'lat': 1.3484325, 'lng': 103.6356158}, 'viewport': {'northeast': {'lat': 1.349494580291502, 'lng': 103.6368517302915}, 'southwest': {'lat': 1.346796619708498, 'lng': 103.6341537697085}}}",,,"['police', 'point_of_interest', 'establishment']","Checkpoint, 103.670653 Ayer Rajah Expressway, #1 towards Tuas",,1.3484325,103.6356158
ChIJp3_gRsIP2jERq8X1NVrLqHM,Jurong West Neighbourhood Police Centre,OPERATIONAL,"{'location': {'lat': 1.3493368, 'lng': 103.7144881}, 'viewport': {'northeast': {'lat': 1.350628830291502, 'lng': 103.7156833302915}, 'southwest': {'lat': 1.347930869708498, 'lng': 103.7129853697085}}}",,,"['police', 'local_government_office', 'point_of_interest', 'establishment']",700 Corporation Road,,1.3493368,103.7144881
ChIJf3MX9D4Q2jEREop1t63IuwM,Bukit Batok Neighbourhood Police Post (e-Kiosk),OPERATIONAL,"{'location': {'lat': 1.3485091, 'lng': 103.7481291}, 'viewport': {'northeast': {'lat': 1.349907430291502, 'lng': 103.7495335802915}, 'southwest': {'lat': 1.347209469708498, 'lng': 103.7468356197085}}}",,,"['police', 'point_of_interest', 'establishment']","103 Bukit Batok Central, Block 103, Singapore",,1.3485091,103.7481291
ChIJ5x5e3UMQ2jERBRxjSFsCOUQ,Bukit Batok Neighborhood Police Centre,CLOSED_TEMPORARILY,"{'location': {'lat': 1.3492372, 'lng': 103.758485}, 'viewport': {'northeast': {'lat': 1.350700780291502, 'lng': 103.7598225802915}, 'southwest': {'lat': 1.348002819708498, 'lng': 103.7571246197085}}}",,,"['police', 'point_of_interest', 'establishment']","21 Bukit Batok East Avenue 4, Singapore",True,1.3492372,103.758485
ChIJbVEXemoX2jER6AFl0oMx970,Boon Teck Neighbourhood Police Post (e-Kiosk),OPERATIONAL,"{'location': {'lat': 1.3424025, 'lng': 103.8451531}, 'viewport': {'northeast': {'lat': 1.343900830291502, 'lng': 103.8465163802915}, 'southwest': {'lat': 1.341202869708498, 'lng': 103.8438184197085}}}",,,"['police', 'point_of_interest', 'establishment']","207 Toa Payoh North, #01-1231, Singapore",,1.3424025,103.8451531
ChIJS_B5dxQX2jER1wSOxEr8_5c,Bishan Electronic Neighbourhood Police Post,OPERATIONAL,"{'location': {'lat': 1.3481386, 'lng': 103.8502548}, 'viewport': {'northeast': {'lat': 1.349389780291502, 'lng': 103.8515814802915}, 'southwest': {'lat': 1.346691819708498, 'lng': 103.8488835197085}}}",,,"['police', 'point_of_interest', 'establishment']","196 Bishan Street 13, #01-565, Bishan Spring, Singapore",,1.3481386,103.8502548
ChIJRSBSPxU92jER9fjK42-SkXA,Tampines Neighbourhood Police Centre,OPERATIONAL,"{'location': {'lat': 1.3461298, 'lng': 103.9387278}, 'viewport': {'northeast': {'lat': 1.347478730291502, 'lng': 103.9399343302915}, 'southwest': {'lat': 1.344780769708498, 'lng': 103.9372363697085}}}",,,"['police', 'point_of_interest', 'establishment']",6 Tampines Avenue 4,,1.3461298,103.9387278
ChIJRSBSPxU92jER9fjK42-SkXA,Tampines Neighbourhood Police Centre,OPERATIONAL,"{'location': {'lat': 1.3461298, 'lng': 103.9387278}, 'viewport': {'northeast': {'lat': 1.347478730291502, 'lng': 103.9399343302915}, 'southwest': {'lat': 1.344780769708498, 'lng': 103.9372363697085}}}",,,"['police', 'point_of_interest', 'establishment']",6 Tampines Avenue 4,,1.3461298,103.9387278
ChIJ8XCKfRc92jERK-Sz0zdpM9I,Changkat Neighbourhood Police Post,CLOSED_TEMPORARILY,"{'location': {'lat': 1.3474199, 'lng': 103.9491995}, 'viewport': {'northeast': {'lat': 1.348869530291502, 'lng': 103.9506674302915}, 'southwest': {'lat': 1.346171569708498, 'lng': 103.9479694697085}}}",,,"['police', 'point_of_interest', 'establishment']","109 Tampines Street 11, #01-261, Singapore",True,1.3474199,103.9491995
ChIJVSUEm3o92jERQhSOQihMjZg,V.P.D,OPERATIONAL,"{'location': {'lat': 1.3455308, 'lng': 103.9543763}, 'viewport': {'northeast': {'lat': 1.346898530291502, 'lng': 103.9557481802915}, 'southwest': {'lat': 1.344200569708498, 'lng': 103.9530502197085}}}",,,"['police', 'point_of_interest', 'establishment']",semei st 1 lobby 2 0606,,1.3455308,103.9543763
ChIJT8T1ACI92jERCV2-uZQqGRo,Changi Neighbourhood Police Centre,OPERATIONAL,"{'location': {'lat': 1.344551, 'lng': 103.954818}, 'viewport': {'northeast': {'lat': 1.345951880291502, 'lng': 103.9563178802915}, 'southwest': {'lat': 1.343253919708498, 'lng': 103.9536199197085}}}",,,"['police', 'point_of_interest', 'establishment']",9 Simei Street 2,,1.344551,103.954818
ChIJVSUEm3o92jERQhSOQihMjZg,V.P.D,OPERATIONAL,"{'location': {'lat': 1.3455308, 'lng': 103.9543763}, 'viewport': {'northeast': {'lat': 1.346898530291502, 'lng': 103.9557481802915}, 'southwest': {'lat': 1.344200569708498, 'lng': 103.9530502197085}}}",,,"['police', 'point_of_interest', 'establishment']",semei st 1 lobby 2 0606,,1.3455308,103.9543763
ChIJdQpEtsE82jERR3VTA0xLjDY,Airport Police Division,OPERATIONAL,"{'location': {'lat': 1.3431985, 'lng': 103.9807281}, 'viewport': {'northeast': {'lat': 1.344339830291502, 'lng': 103.9823586802915}, 'southwest': {'lat': 1.341641869708498, 'lng': 103.9796607197085}}}",,,"['police', 'point_of_interest', 'establishment']",35 Airport Boulevard,,1.3431985,103.9807281
ChIJidZuKbkP2jERsYdgZnKeUb0,Nanyang Neighbourhood Police Centre,OPERATIONAL,"{'location': {'lat': 1.3509849, 'lng': 103.7023119}, 'viewport': {'northeast': {'lat': 1.352750080291502, 'lng': 103.7036354302915}, 'southwest': {'lat': 1.350052119708498, 'lng': 103.7009374697085}}}",,,"['police', 'point_of_interest', 'establishment']","2 Jurong West Avenue 5, Singapore",,1.3509849,103.7023119
ChIJnXOkJLkP2jERCn-SWxgyKz8,Jurong Police Division Headquarters,OPERATIONAL,"{'location': {'lat': 1.3509849, 'lng': 103.7023119}, 'viewport': {'northeast': {'lat': 1.352147230291502, 'lng': 103.7036947802915}, 'southwest': {'lat': 1.349449269708498, 'lng': 103.7009968197085}}}",,,"['police', 'point_of_interest', 'establishment']","2 Jurong West Avenue 5, Singapore",,1.3509849,103.7023119
ChIJidZuKbkP2jERsYdgZnKeUb0,Nanyang Neighbourhood Police Centre,OPERATIONAL,"{'location': {'lat': 1.3509849, 'lng': 103.7023119}, 'viewport': {'northeast': {'lat': 1.352750080291502, 'lng': 103.7036354302915}, 'southwest': {'lat': 1.350052119708498, 'lng': 103.7009374697085}}}",,,"['police', 'point_of_interest', 'establishment']","2 Jurong West Avenue 5, Singapore",,1.3509849,103.7023119
ChIJnXOkJLkP2jERCn-SWxgyKz8,Jurong Police Division Headquarters,OPERATIONAL,"{'location': {'lat': 1.3509849, 'lng': 103.7023119}, 'viewport': {'northeast': {'lat': 1.352147230291502, 'lng': 103.7036947802915}, 'southwest': {'lat': 1.349449269708498, 'lng': 103.7009968197085}}}",,,"['police', 'point_of_interest', 'establishment']","2 Jurong West Avenue 5, Singapore",,1.3509849,103.7023119
ChIJp3_gRsIP2jERq8X1NVrLqHM,Jurong West Neighbourhood Police Centre,OPERATIONAL,"{'location': {'lat': 1.3493368, 'lng': 103.7144881}, 'viewport': {'northeast': {'lat': 1.350628830291502, 'lng': 103.7156833302915}, 'southwest': {'lat': 1.347930869708498, 'lng': 103.7129853697085}}}",,,"['police', 'local_government_office', 'point_of_interest', 'establishment']",700 Corporation Road,,1.3493368,103.7144881
ChIJf3MX9D4Q2jEREop1t63IuwM,Bukit Batok Neighbourhood Police Post (e-Kiosk),OPERATIONAL,"{'location': {'lat': 1.3485091, 'lng': 103.7481291}, 'viewport': {'northeast': {'lat': 1.349907430291502, 'lng': 103.7495335802915}, 'southwest': {'lat': 1.347209469708498, 'lng': 103.7468356197085}}}",,,"['police', 'point_of_interest', 'establishment']","103 Bukit Batok Central, Block 103, Singapore",,1.3485091,103.7481291
ChIJ5x5e3UMQ2jERBRxjSFsCOUQ,Bukit Batok Neighborhood Police Centre,CLOSED_TEMPORARILY,"{'location': {'lat': 1.3492372, 'lng': 103.758485}, 'viewport': {'northeast': {'lat': 1.350700780291502, 'lng': 103.7598225802915}, 'southwest': {'lat': 1.348002819708498, 'lng': 103.7571246197085}}}",,,"['police', 'point_of_interest', 'establishment']","21 Bukit Batok East Avenue 4, Singapore",True,1.3492372,103.758485
ChIJ9_11yyQX2jERqjbBK8mqdIM,Thomson Neighbourhood Police Post,OPERATIONAL,"{'location': {'lat': 1.3549492, 'lng': 103.8377028}, 'viewport': {'northeast': {'lat': 1.356407280291502, 'lng': 103.8390728302915}, 'southwest': {'lat': 1.353709319708498, 'lng': 103.8363748697085}}}",,,"['police', 'point_of_interest', 'establishment']","25 Sin Ming Road, #01-180, Sin Ming Ville, Singapore",,1.3549492,103.8377028
ChIJo_ADBqcX2jERaelpKPuk7_0,Serangoon Neighbourhood Police Centre,CLOSED_TEMPORARILY,"{'location': {'lat': 1.3520482, 'lng': 103.870483}, 'viewport': {'northeast': {'lat': 1.353628130291502, 'lng': 103.8718134802915}, 'southwest': {'lat': 1.350930169708498, 'lng': 103.8691155197085}}}",,,"['police', 'point_of_interest', 'establishment']","50 Serangoon Avenue 2, #01-02, Braddell Heights Community Building, 50 Serangoon Avenue 2, Singapore",True,1.3520482,103.870483
ChIJo_ADBqcX2jERaelpKPuk7_0,Serangoon Neighbourhood Police Centre,CLOSED_TEMPORARILY,"{'location': {'lat': 1.3520482, 'lng': 103.870483}, 'viewport': {'northeast': {'lat': 1.353628130291502, 'lng': 103.8718134802915}, 'southwest': {'lat': 1.350930169708498, 'lng': 103.8691155197085}}}",,,"['police', 'point_of_interest', 'establishment']","50 Serangoon Avenue 2, #01-02, Braddell Heights Community Building, 50 Serangoon Avenue 2, Singapore",True,1.3520482,103.870483
ChIJcyhHOLgX2jERRmpJttYVWp0,Paya Lebar Neighbourhood Police Post,OPERATIONAL,"{'location': {'lat': 1.353079, 'lng': 103.8889843}, 'viewport': {'northeast': {'lat': 1.354367580291502, 'lng': 103.8905096802915}, 'southwest': {'lat': 1.351669619708498, 'lng': 103.8878117197085}}}",,,"['police', 'point_of_interest', 'establishment']","114 Hougang Avenue 1, #01-1270, Singapore",,1.353079,103.8889843
ChIJ9xAZ2xo92jERb65Pf97lSts,Tampines East Neighbourhood Police Post (e-Kiosk),OPERATIONAL,"{'location': {'lat': 1.3533248, 'lng': 103.9514915}, 'viewport': {'northeast': {'lat': 1.354776930291502, 'lng': 103.9528203302915}, 'southwest': {'lat': 1.352078969708498, 'lng': 103.9501223697085}}}",,,"['police', 'point_of_interest', 'establishment']","263 Tampines Street 21, #02-144, Singapore",,1.3533248,103.9514915
ChIJ7xmA1zUQ2jERxDy9IPGi4D8,Hong Kah North Neighbourhood Police Post,CLOSED_TEMPORARILY,"{'location': {'lat': 1.359973, 'lng': 103.7500013}, 'viewport': {'northeast': {'lat': 1.361225330291502, 'lng': 103.7513521802915}, 'southwest': {'lat': 1.358527369708498, 'lng': 103.7486542197085}}}",,,"['police', 'point_of_interest', 'establishment']","370 Bukit Batok Street 31, #01-201, Singapore",True,1.359973,103.7500013
ChIJ7xmA1zUQ2jERxDy9IPGi4D8,Hong Kah North Neighbourhood Police Post,CLOSED_TEMPORARILY,"{'location': {'lat': 1.359973, 'lng': 103.7500013}, 'viewport': {'northeast': {'lat': 1.361225330291502, 'lng': 103.7513521802915}, 'southwest': {'lat': 1.358527369708498, 'lng': 103.7486542197085}}}",,,"['police', 'point_of_interest', 'establishment']","370 Bukit Batok Street 31, #01-201, Singapore",True,1.359973,103.7500013
ChIJS0zbsGkX2jERSy9teyclYu0,Traffic@Ashtree,OPERATIONAL,"{'location': {'lat': 1.3586404, 'lng': 103.8340972}, 'viewport': {'northeast': {'lat': 1.3604565, 'lng': 103.8353145}, 'southwest': {'lat': 1.3574361, 'lng': 103.8323645}}}",,,"['police', 'point_of_interest', 'establishment']","18 Sin Ming Lane, #06-34",,1.3586404,103.8340972
ChIJS0zbsGkX2jERSy9teyclYu0,Traffic@Ashtree,OPERATIONAL,"{'location': {'lat': 1.3586404, 'lng': 103.8340972}, 'viewport': {'northeast': {'lat': 1.3604565, 'lng': 103.8353145}, 'southwest': {'lat': 1.3574361, 'lng': 103.8323645}}}",,,"['police', 'point_of_interest', 'establishment']","18 Sin Ming Lane, #06-34",,1.3586404,103.8340972
ChIJPf5M_RgX2jERNL7oNdMTYSc,Bishan Neighbourhood Police Centre,OPERATIONAL,"{'location': {'lat': 1.3578202, 'lng': 103.8477574}, 'viewport': {'northeast': {'lat': 1.359123080291502, 'lng': 103.8491598302915}, 'southwest': {'lat': 1.356425119708498, 'lng': 103.8464618697085}}}",,,"['police', 'point_of_interest', 'establishment']","20 Bishan Street 23, Singapura",,1.3578202,103.8477574
ChIJ1WTQVQAX2jERW6kJfke6CW8,Police Speed Camera,OPERATIONAL,"{'location': {'lat': 1.363592, 'lng': 103.8473986}, 'viewport': {'northeast': {'lat': 1.364912030291502, 'lng': 103.8487355302915}, 'southwest': {'lat': 1.362214069708498, 'lng': 103.8460375697085}}}",,,"['police', 'local_government_office', 'point_of_interest', 'establishment']","Ang Mo Kio Avenue 1, Boundary Road, towards",,1.363592,103.8473986
ChIJPf5M_RgX2jERNL7oNdMTYSc,Bishan Neighbourhood Police Centre,OPERATIONAL,"{'location': {'lat': 1.3578202, 'lng': 103.8477574}, 'viewport': {'northeast': {'lat': 1.359123080291502, 'lng': 103.8491598302915}, 'southwest': {'lat': 1.356425119708498, 'lng': 103.8464618697085}}}",,,"['police', 'point_of_interest', 'establishment']","20 Bishan Street 23, Singapura",,1.3578202,103.8477574
ChIJFzNrGAAX2jER2PowrtSXY_A,Serangoon Garden Neighbourhood Police Post,OPERATIONAL,"{'location': {'lat': 1.363467, 'lng': 103.866451}, 'viewport': {'northeast': {'lat': 1.364911280291502, 'lng': 103.8678072302915}, 'southwest': {'lat': 1.362213319708498, 'lng': 103.8651092697085}}}",,,"['police', 'point_of_interest', 'establishment']","51 Serangoon Garden Way, Singapore",,1.363467,103.866451
ChIJFZGfwlc92jERgsZKn8e_soE,KRUZN 2,OPERATIONAL,"{'location': {'lat': 1.362456, 'lng': 103.9525573}, 'viewport': {'northeast': {'lat': 1.363690030291502, 'lng': 103.9539515302915}, 'southwest': {'lat': 1.360992069708498, 'lng': 103.9512535697085}}}",,,"['police', 'point_of_interest', 'establishment']",493A Tampines Avenue 9,,1.362456,103.9525573
ChIJNbTPqwY92jERoKBC3milStw,Tampines North Neighbourhood Police Post,CLOSED_TEMPORARILY,"{'location': {'lat': 1.3587895, 'lng': 103.954542}, 'viewport': {'northeast': {'lat': 1.360047430291502, 'lng': 103.9558912302915}, 'southwest': {'lat': 1.357349469708498, 'lng': 103.9531932697085}}}",,,"['police', 'point_of_interest', 'establishment']","461 Tampines Street 44, #01-56",True,1.3587895,103.954542
ChIJNbTPqwY92jERoKBC3milStw,Tampines North Neighbourhood Police Post,CLOSED_TEMPORARILY,"{'location': {'lat': 1.3587895, 'lng': 103.954542}, 'viewport': {'northeast': {'lat': 1.360047430291502, 'lng': 103.9558912302915}, 'southwest': {'lat': 1.357349469708498, 'lng': 103.9531932697085}}}",,,"['police', 'point_of_interest', 'establishment']","461 Tampines Street 44, #01-56",True,1.3587895,103.954542
ChIJ205LpNsW2jER9Iu8_2twjXo,Kebun Baru Neighborhood Police Post,OPERATIONAL,"{'location': {'lat': 1.3708854, 'lng': 103.8368926}, 'viewport': {'northeast': {'lat': 1.372263530291502, 'lng': 103.8381233302915}, 'southwest': {'lat': 1.369565569708498, 'lng': 103.8354253697085}}}",,,"['police', 'point_of_interest', 'establishment']","111 Ang Mo Kio Avenue 4, Block 111",,1.3708854,103.8368926
ChIJSxQWuOEW2jERoPJLcXSuMK8,Teck Ghee Neighborhood Police Post,OPERATIONAL,"{'location': {'lat': 1.3650966, 'lng': 103.8487517}, 'viewport': {'northeast': {'lat': 1.366420830291502, 'lng': 103.8501581302915}, 'southwest': {'lat': 1.363722869708498, 'lng': 103.8474601697085}}}",,,"['police', 'point_of_interest', 'establishment']","321 Ang Mo Kio Avenue 1, Teck Ghee Vista, Block 321, Singapore",,1.3650966,103.8487517
ChIJ1WTQVQAX2jERW6kJfke6CW8,Police Speed Camera,OPERATIONAL,"{'location': {'lat': 1.363592, 'lng': 103.8473986}, 'viewport': {'northeast': {'lat': 1.364912030291502, 'lng': 103.8487355302915}, 'southwest': {'lat': 1.362214069708498, 'lng': 103.8460375697085}}}",,,"['police', 'local_government_office', 'point_of_interest', 'establishment']","Ang Mo Kio Avenue 1, Boundary Road, towards",,1.363592,103.8473986
ChIJWWeGPeQW2jERQgOvU42HnUY,Ang Mo Kio South Neighbourhood Police Centre,OPERATIONAL,"{'location': {'lat': 1.3699473, 'lng': 103.8516684}, 'viewport': {'northeast': {'lat': 1.371118130291502, 'lng': 103.8529588302915}, 'southwest': {'lat': 1.368420169708498, 'lng': 103.8502608697085}}}",,,"['police', 'local_government_office', 'point_of_interest', 'establishment']","81 Ang Mo Kio Avenue 3, Singapore",,1.3699473,103.8516684
ChIJSxQWuOEW2jERoPJLcXSuMK8,Teck Ghee Neighborhood Police Post,OPERATIONAL,"{'location': {'lat': 1.3650966, 'lng': 103.8487517}, 'viewport': {'northeast': {'lat': 1.366420830291502, 'lng': 103.8501581302915}, 'southwest': {'lat': 1.363722869708498, 'lng': 103.8474601697085}}}",,,"['police', 'point_of_interest', 'establishment']","321 Ang Mo Kio Avenue 1, Teck Ghee Vista, Block 321, Singapore",,1.3650966,103.8487517
ChIJFzNrGAAX2jER2PowrtSXY_A,Serangoon Garden Neighbourhood Police Post,OPERATIONAL,"{'location': {'lat': 1.363467, 'lng': 103.866451}, 'viewport': {'northeast': {'lat': 1.364911280291502, 'lng': 103.8678072302915}, 'southwest': {'lat': 1.362213319708498, 'lng': 103.8651092697085}}}",,,"['police', 'point_of_interest', 'establishment']","51 Serangoon Garden Way, Singapore",,1.363467,103.866451
ChIJAQBw9VYW2jER_VqMC2gB13U,Serangoon North Neighbourhood Police Post,OPERATIONAL,"{'location': {'lat': 1.3698647, 'lng': 103.8712587}, 'viewport': {'northeast': {'lat': 1.371243180291502, 'lng': 103.8726175802915}, 'southwest': {'lat': 1.368545219708498, 'lng': 103.8699196197085}}}",,,"['police', 'point_of_interest', 'establishment']","108 Serangoon North Avenue 1, #01-709, Hwi Yoh Court, 108 Serangoon North Avenue 1, Block 108, Singapore",,1.3698647,103.8712587
ChIJGzOCoaw92jERv3uTp2Jw1Eg,Pasir Ris Neighbourhood Police Centre,OPERATIONAL,"{'location': {'lat': 1.3685036, 'lng': 103.9596902}, 'viewport': {'northeast': {'lat': 1.369979730291502, 'lng': 103.9609724802915}, 'southwest': {'lat': 1.367281769708498, 'lng': 103.9582745197085}}}",,,"['police', 'point_of_interest', 'establishment']","1 Pasir Ris Drive 4, #01-01",,1.3685036,103.9596902
ChIJGzOCoaw92jERv3uTp2Jw1Eg,Pasir Ris Neighbourhood Police Centre,OPERATIONAL,"{'location': {'lat': 1.3685036, 'lng': 103.9596902}, 'viewport': {'northeast': {'lat': 1.369979730291502, 'lng': 103.9609724802915}, 'southwest': {'lat': 1.367281769708498, 'lng': 103.9582745197085}}}",,,"['police', 'point_of_interest', 'establishment']","1 Pasir Ris Drive 4, #01-01",,1.3685036,103.9596902
ChIJL894Ze492jER6z5F6vaBGt0,Police Changi K-9 Base,OPERATIONAL,"{'location': {'lat': 1.3706233, 'lng': 103.9783539}, 'viewport': {'northeast': {'lat': 1.371983630291502, 'lng': 103.9797101302915}, 'southwest': {'lat': 1.369285669708498, 'lng': 103.9770121697085}}}",,,"['police', 'point_of_interest', 'establishment']",Singapore,,1.3706233,103.9783539
ChIJccfAPi8O2jER5xkDNrL241Q,Home Team Academy,OPERATIONAL,"{'location': {'lat': 1.3742341, 'lng': 103.7229508}, 'viewport': {'northeast': {'lat': 1.375648180291502, 'lng': 103.7242388802915}, 'southwest': {'lat': 1.372950219708498, 'lng': 103.7215409197085}}}",,,"['police', 'point_of_interest', 'establishment']",501 Old Choa Chu Kang Road,,1.3742341,103.7229508
ChIJccfAPi8O2jER5xkDNrL241Q,Home Team Academy,OPERATIONAL,"{'location': {'lat': 1.3742341, 'lng': 103.7229508}, 'viewport': {'northeast': {'lat': 1.375648180291502, 'lng': 103.7242388802915}, 'southwest': {'lat': 1.372950219708498, 'lng': 103.7215409197085}}}",,,"['police', 'point_of_interest', 'establishment']",501 Old Choa Chu Kang Road,,1.3742341,103.7229508
ChIJNd9v7KYR2jERFagfg-dsnX0,Bukit Panjang South Neighbourhood Police Post (e-Kiosk),OPERATIONAL,"{'location': {'lat': 1.3768881, 'lng': 103.7710407}, 'viewport': {'northeast': {'lat': 1.378186830291502, 'lng': 103.7723632302915}, 'southwest': {'lat': 1.375488869708498, 'lng': 103.7696652697085}}}",,,"['police', 'point_of_interest', 'establishment']","124 Pending Road, Block 124, Singapore",,1.3768881,103.7710407
ChIJNd9v7KYR2jERFagfg-dsnX0,Bukit Panjang South Neighbourhood Police Post (e-Kiosk),OPERATIONAL,"{'location': {'lat': 1.3768881, 'lng': 103.7710407}, 'viewport': {'northeast': {'lat': 1.378186830291502, 'lng': 103.7723632302915}, 'southwest': {'lat': 1.375488869708498, 'lng': 103.7696652697085}}}",,,"['police', 'point_of_interest', 'establishment']","124 Pending Road, Block 124, Singapore",,1.3768881,103.7710407
ChIJ205LpNsW2jER9Iu8_2twjXo,Kebun Baru Neighborhood Police Post,OPERATIONAL,"{'location': {'lat': 1.3708854, 'lng': 103.8368926}, 'viewport': {'northeast': {'lat': 1.372263530291502, 'lng': 103.8381233302915}, 'southwest': {'lat': 1.369565569708498, 'lng': 103.8354253697085}}}",,,"['police', 'point_of_interest', 'establishment']","111 Ang Mo Kio Avenue 4, Block 111",,1.3708854,103.8368926
ChIJWWeGPeQW2jERQgOvU42HnUY,Ang Mo Kio South Neighbourhood Police Centre,OPERATIONAL,"{'location': {'lat': 1.3699473, 'lng': 103.8516684}, 'viewport': {'northeast': {'lat': 1.371118130291502, 'lng': 103.8529588302915}, 'southwest': {'lat': 1.368420169708498, 'lng': 103.8502608697085}}}",,,"['police', 'local_government_office', 'point_of_interest', 'establishment']","81 Ang Mo Kio Avenue 3, Singapore",,1.3699473,103.8516684
ChIJAQBw9VYW2jER_VqMC2gB13U,Serangoon North Neighbourhood Police Post,OPERATIONAL,"{'location': {'lat': 1.3698647, 'lng': 103.8712587}, 'viewport': {'northeast': {'lat': 1.371243180291502, 'lng': 103.8726175802915}, 'southwest': {'lat': 1.368545219708498, 'lng': 103.8699196197085}}}",,,"['police', 'point_of_interest', 'establishment']","108 Serangoon North Avenue 1, #01-709, Hwi Yoh Court, 108 Serangoon North Avenue 1, Block 108, Singapore",,1.3698647,103.8712587
ChIJi8-Z50UW2jERdF0ljccjsA8,Hougang Neighbourhood Police Centre,OPERATIONAL,"{'location': {'lat': 1.3743002, 'lng': 103.8850239}, 'viewport': {'northeast': {'lat': 1.375591530291502, 'lng': 103.8861983802915}, 'southwest': {'lat': 1.372893569708498, 'lng': 103.8835004197085}}}",,,"['police', 'point_of_interest', 'establishment']","60 Hougang Avenue 9, Singapore",,1.3743002,103.8850239
ChIJ1-DWR_IX2jERqGOZU4QtIUQ,Hougang Neighbourhood Police Post,OPERATIONAL,"{'location': {'lat': 1.3730181, 'lng': 103.8990884}, 'viewport': {'northeast': {'lat': 1.374312980291502, 'lng': 103.9004912302915}, 'southwest': {'lat': 1.371615019708498, 'lng': 103.8977932697085}}}",,,"['police', 'point_of_interest', 'establishment']",357 Hougang Avenue 7,,1.3730181,103.8990884
ChIJL894Ze492jER6z5F6vaBGt0,Police Changi K-9 Base,OPERATIONAL,"{'location': {'lat': 1.3706233, 'lng': 103.9783539}, 'viewport': {'northeast': {'lat': 1.371983630291502, 'lng': 103.9797101302915}, 'southwest': {'lat': 1.369285669708498, 'lng': 103.9770121697085}}}",,,"['police', 'point_of_interest', 'establishment']",Singapore,,1.3706233,103.9783539
ChIJyR1NVgAR2jERpcQ7aEI90xk,Speed camera,OPERATIONAL,"{'location': {'lat': 1.3829028, 'lng': 103.7374155}, 'viewport': {'northeast': {'lat': 1.384251780291502, 'lng': 103.7387644802915}, 'southwest': {'lat': 1.381553819708498, 'lng': 103.7360665197085}}}",,,"['police', 'point_of_interest', 'establishment']","1. Kranji Expressway, Pan Island Expressway, #103 towards",,1.3829028,103.7374155
ChIJyR1NVgAR2jERpcQ7aEI90xk,Speed camera,OPERATIONAL,"{'location': {'lat': 1.3829028, 'lng': 103.7374155}, 'viewport': {'northeast': {'lat': 1.384251780291502, 'lng': 103.7387644802915}, 'southwest': {'lat': 1.381553819708498, 'lng': 103.7360665197085}}}",,,"['police', 'point_of_interest', 'establishment']","1. Kranji Expressway, Pan Island Expressway, #103 towards",,1.3829028,103.7374155
ChIJSytqTL8R2jERl_aAUsfsh_8,Choa Chu Kang Neighbourhood Police Post (e-Kiosk),OPERATIONAL,"{'location': {'lat': 1.3793943, 'lng': 103.7518391}, 'viewport': {'northeast': {'lat': 1.380864780291502, 'lng': 103.7531602802915}, 'southwest': {'lat': 1.378166819708498, 'lng': 103.7504623197085}}}",,,"['police', 'point_of_interest', 'establishment']","116 Teck Whye Lane, #01-740, Singapore",,1.3793943,103.7518391
ChIJdViQHQAR2jERF1jhlvWluM4,Speed camera,OPERATIONAL,"{'location': {'lat': 1.3823828, 'lng': 103.7754597}, 'viewport': {'northeast': {'lat': 1.383731780291502, 'lng': 103.7768086802915}, 'southwest': {'lat': 1.381033819708498, 'lng': 103.7741107197085}}}",,,"['police', 'point_of_interest', 'establishment']","Kranji Expressway towards Bukit Timah Expressway.388056, #103",,1.3823828,103.7754597
ChIJTYIQfZUW2jERuZpKIVR8x_w,Ang Mo Kio Police Division HQ,OPERATIONAL,"{'location': {'lat': 1.3848932, 'lng': 103.8451004}, 'viewport': {'northeast': {'lat': 1.385991680291502, 'lng': 103.8466642302915}, 'southwest': {'lat': 1.383293719708498, 'lng': 103.8439662697085}}}",,,"['police', 'point_of_interest', 'establishment']","51 Ang Mo Kio Avenue 9, Singapore",,1.3848932,103.8451004
ChIJ1TiejZ4R2jERoxavgZ0fl4o,Bukit Panjang Neighbourhood Police Centre,OPERATIONAL,"{'location': {'lat': 1.3867162, 'lng': 103.7715355}, 'viewport': {'northeast': {'lat': 1.387987880291502, 'lng': 103.7728041302915}, 'southwest': {'lat': 1.385289919708498, 'lng': 103.7701061697085}}}",,,"['police', 'point_of_interest', 'establishment']","1 Segar Road, #01-05 Community Building",,1.3867162,103.7715355
ChIJ1TiejZ4R2jERoxavgZ0fl4o,Bukit Panjang Neighbourhood Police Centre,OPERATIONAL,"{'location': {'lat': 1.3867162, 'lng': 103.7715355}, 'viewport': {'northeast': {'lat': 1.387987880291502, 'lng': 103.7728041302915}, 'southwest': {'lat': 1.385289919708498, 'lng': 103.7701061697085}}}",,,"['police', 'point_of_interest', 'establishment']","1 Segar Road, #01-05 Community Building",,1.3867162,103.7715355
ChIJTYIQfZUW2jERuZpKIVR8x_w,Ang Mo Kio Police Division HQ,OPERATIONAL,"{'location': {'lat': 1.3848932, 'lng': 103.8451004}, 'viewport': {'northeast': {'lat': 1.385991680291502, 'lng': 103.8466642302915}, 'southwest': {'lat': 1.383293719708498, 'lng': 103.8439662697085}}}",,,"['police', 'point_of_interest', 'establishment']","51 Ang Mo Kio Avenue 9, Singapore",,1.3848932,103.8451004
ChIJlwnHnA0W2jERHAXX8Zgb4ME,Sengkang Neighbourhood Police Centre,OPERATIONAL,"{'location': {'lat': 1.3929248, 'lng': 103.893795}, 'viewport': {'northeast': {'lat': 1.394162880291502, 'lng': 103.8951919802915}, 'southwest': {'lat': 1.391464919708498, 'lng': 103.8924940197085}}}",,,"['police', 'point_of_interest', 'establishment']","2 Sengkang Square, #01-02",,1.3929248,103.893795
ChIJBQ7MxvAR2jERjukPwlW9SUE,Police K-9 Unit,OPERATIONAL,"{'location': {'lat': 1.3970692, 'lng': 103.7421746}, 'viewport': {'northeast': {'lat': 1.398202130291502, 'lng': 103.7434452302915}, 'southwest': {'lat': 1.395504169708498, 'lng': 103.7407472697085}}}",,,"['police', 'point_of_interest', 'establishment']",2 Mowbray Road,,1.3970692,103.7421746
ChIJX82Ro_ER2jERsUF9C27FW-Q,Choa Chu Kang Neighbourhood Police Centre,OPERATIONAL,"{'location': {'lat': 1.3950746, 'lng': 103.7447591}, 'viewport': {'northeast': {'lat': 1.396398530291502, 'lng': 103.7460296302915}, 'southwest': {'lat': 1.393700569708498, 'lng': 103.7433316697085}}}",,,"['police', 'point_of_interest', 'establishment']","No 20 Choa Chu Kang Street 52, #01-02",,1.3950746,103.7447591
ChIJX82Ro_ER2jERsUF9C27FW-Q,Choa Chu Kang Neighbourhood Police Centre,OPERATIONAL,"{'location': {'lat': 1.3950746, 'lng': 103.7447591}, 'viewport': {'northeast': {'lat': 1.396398530291502, 'lng': 103.7460296302915}, 'southwest': {'lat': 1.393700569708498, 'lng': 103.7433316697085}}}",,,"['police', 'point_of_interest', 'establishment']","No 20 Choa Chu Kang Street 52, #01-02",,1.3950746,103.7447591
ChIJlwnHnA0W2jERHAXX8Zgb4ME,Sengkang Neighbourhood Police Centre,OPERATIONAL,"{'location': {'lat': 1.3929248, 'lng': 103.893795}, 'viewport': {'northeast': {'lat': 1.394162880291502, 'lng': 103.8951919802915}, 'southwest': {'lat': 1.391464919708498, 'lng': 103.8924940197085}}}",,,"['police', 'point_of_interest', 'establishment']","2 Sengkang Square, #01-02",,1.3929248,103.893795
ChIJcdn2U_g92jERXsWQf7oMaHo,Punggol Neighbourhood Police Centre,OPERATIONAL,"{'location': {'lat': 1.3979547, 'lng': 103.9140307}, 'viewport': {'northeast': {'lat': 1.399121030291502, 'lng': 103.9152475302915}, 'southwest': {'lat': 1.396423069708498, 'lng': 103.9125495697085}}}",,,"['police', 'local_government_office', 'point_of_interest', 'establishment']","151 Punggol Central, Singapore",,1.3979547,103.9140307
ChIJcdn2U_g92jERXsWQf7oMaHo,Punggol Neighbourhood Police Centre,OPERATIONAL,"{'location': {'lat': 1.3979547, 'lng': 103.9140307}, 'viewport': {'northeast': {'lat': 1.399121030291502, 'lng': 103.9152475302915}, 'southwest': {'lat': 1.396423069708498, 'lng': 103.9125495697085}}}",,,"['police', 'local_government_office', 'point_of_interest', 'establishment']","151 Punggol Central, Singapore",,1.3979547,103.9140307
ChIJacLjYA0U2jERJuxIjpbmVnA,Khatib Neighbourhood Police Post (e-Kiosk),OPERATIONAL,"{'location': {'lat': 1.418982, 'lng': 103.8330465}, 'viewport': {'northeast': {'lat': 1.420403130291502, 'lng': 103.8344366802915}, 'southwest': {'lat': 1.417705169708498, 'lng': 103.8317387197085}}}",,,"['police', 'point_of_interest', 'establishment']","798 Yishun Ring Road, #01-3352 Block 798, Singapore",,1.418982,103.8330465
ChIJQz0bjhEU2jERL_bF1q_Ym7o,Yishun South Neighbourhood Police Centre,CLOSED_TEMPORARILY,"{'location': {'lat': 1.415112, 'lng': 103.835055}, 'viewport': {'northeast': {'lat': 1.416417980291502, 'lng': 103.8364883302915}, 'southwest': {'lat': 1.413720019708498, 'lng': 103.8337903697085}}}",,,"['police', 'point_of_interest', 'establishment']",32 Yishun Street 81,True,1.415112,103.835055
ChIJQz0bjhEU2jERL_bF1q_Ym7o,Yishun South Neighbourhood Police Centre,CLOSED_TEMPORARILY,"{'location': {'lat': 1.415112, 'lng': 103.835055}, 'viewport': {'northeast': {'lat': 1.416417980291502, 'lng': 103.8364883302915}, 'southwest': {'lat': 1.413720019708498, 'lng': 103.8337903697085}}}",,,"['police', 'point_of_interest', 'establishment']",32 Yishun Street 81,True,1.415112,103.835055
ChIJacLjYA0U2jERJuxIjpbmVnA,Khatib Neighbourhood Police Post (e-Kiosk),OPERATIONAL,"{'location': {'lat': 1.418982, 'lng': 103.8330465}, 'viewport': {'northeast': {'lat': 1.420403130291502, 'lng': 103.8344366802915}, 'southwest': {'lat': 1.417705169708498, 'lng': 103.8317387197085}}}",,,"['police', 'point_of_interest', 'establishment']","798 Yishun Ring Road, #01-3352 Block 798, Singapore",,1.418982,103.8330465
ChIJTWa1XKwT2jERu7qjkgEnkkA,Woodlands Police Division Headquarters,OPERATIONAL,"{'location': {'lat': 1.4331563, 'lng': 103.7788594}, 'viewport': {'northeast': {'lat': 1.434481480291502, 'lng': 103.7804179802915}, 'southwest': {'lat': 1.431783519708498, 'lng': 103.7777200197085}}}",,,"['police', 'point_of_interest', 'establishment']","1 Woodlands Street 12, Singapore",,1.4331563,103.7788594
ChIJkw3HX3oU2jERCjOlJQpfwyc,Chong Pang Neighbourhood Police Post (e-Kiosk),OPERATIONAL,"{'location': {'lat': 1.4311093, 'lng': 103.8299248}, 'viewport': {'northeast': {'lat': 1.432454580291502, 'lng': 103.8313821802915}, 'southwest': {'lat': 1.429756619708498, 'lng': 103.8286842197085}}}",,,"['police', 'point_of_interest', 'establishment']","141 Yishun Ring Road, Singapore",,1.4311093,103.8299248
ChIJ89MDjhEU2jERzhssVZKAyL0,Yishun Neighbourhood Police Centre,OPERATIONAL,"{'location': {'lat': 1.4294127, 'lng': 103.8402164}, 'viewport': {'northeast': {'lat': 1.430816230291502, 'lng': 103.8414393302915}, 'southwest': {'lat': 1.428118269708498, 'lng': 103.8387413697085}}}",,,"['police', 'point_of_interest', 'establishment']",31 Yishun Central,,1.4294127,103.8402164
ChIJ89MDjhEU2jERzhssVZKAyL0,Yishun Neighbourhood Police Centre,OPERATIONAL,"{'location': {'lat': 1.4294127, 'lng': 103.8402164}, 'viewport': {'northeast': {'lat': 1.430816230291502, 'lng': 103.8414393302915}, 'southwest': {'lat': 1.428118269708498, 'lng': 103.8387413697085}}}",,,"['police', 'point_of_interest', 'establishment']",31 Yishun Central,,1.4294127,103.8402164
ChIJoYyfBbAT2jER7T1BHeffiQg,Enfort Security Management Pte Ltd,OPERATIONAL,"{'location': {'lat': 1.4349016, 'lng': 103.7846533}, 'viewport': {'northeast': {'lat': 1.436121380291502, 'lng': 103.7859613802915}, 'southwest': {'lat': 1.433423419708498, 'lng': 103.7832634197085}}}",,,"['police', 'point_of_interest', 'establishment']","12 Woodlands Square, #14-70 Woods Square",,1.4349016,103.7846533
ChIJoYyfBbAT2jER7T1BHeffiQg,Enfort Security Management Pte Ltd,OPERATIONAL,"{'location': {'lat': 1.4349016, 'lng': 103.7846533}, 'viewport': {'northeast': {'lat': 1.436121380291502, 'lng': 103.7859613802915}, 'southwest': {'lat': 1.433423419708498, 'lng': 103.7832634197085}}}",,,"['police', 'point_of_interest', 'establishment']","12 Woodlands Square, #14-70 Woods Square",,1.4349016,103.7846533
ChIJqWRGiHUT2jERbyLVKCyWUag,Woodlands East Neighbourhood Police Centre,OPERATIONAL,"{'location': {'lat': 1.4388093, 'lng': 103.8024447}, 'viewport': {'northeast': {'lat': 1.440019030291502, 'lng': 103.8038207302915}, 'southwest': {'lat': 1.437321069708498, 'lng': 103.8011227697085}}}",,,"['police', 'point_of_interest', 'establishment']",3 Woodlands Drive 63,,1.4388093,103.8024447
ChIJQ78NqQET2jER_gw7Ns3k920,Marsiling Neighbourhood Police Post (e-Kiosk),OPERATIONAL,"{'location': {'lat': 1.4424279, 'lng': 103.7783288}, 'viewport': {'northeast': {'lat': 1.443693980291502, 'lng': 103.7797342302915}, 'southwest': {'lat': 1.440996019708498, 'lng': 103.7770362697085}}}",,,"['police', 'point_of_interest', 'establishment']","16 Marsiling Lane, Marsiling Road, #01-183, Singapore",,1.4424279,103.7783288
ChIJIc93Nf4S2jERUC966UPiEJM,Bukit Panjang North Neighbourhood Police Post,OPERATIONAL,"{'location': {'lat': 1.4421533, 'lng': 103.7738061}, 'viewport': {'northeast': {'lat': 1.443444630291502, 'lng': 103.7751193802915}, 'southwest': {'lat': 1.440746669708498, 'lng': 103.7724214197085}}}",,,"['police', 'point_of_interest', 'establishment']","27 Marsiling Drive, #01-237 Marsiling Green, Singapore",,1.4421533,103.7738061
ChIJQ78NqQET2jER_gw7Ns3k920,Marsiling Neighbourhood Police Post (e-Kiosk),OPERATIONAL,"{'location': {'lat': 1.4424279, 'lng': 103.7783288}, 'viewport': {'northeast': {'lat': 1.443693980291502, 'lng': 103.7797342302915}, 'southwest': {'lat': 1.440996019708498, 'lng': 103.7770362697085}}}",,,"['police', 'point_of_interest', 'establishment']","16 Marsiling Lane, Marsiling Road, #01-183, Singapore",,1.4424279,103.7783288
ChIJ4Ye2xX0T2jERgQN94CzG5R8,Sembawang Neighbourhood Police Centre,OPERATIONAL,"{'location': {'lat': 1.4447577, 'lng': 103.8196082}, 'viewport': {'northeast': {'lat': 1.446060230291502, 'lng': 103.8209787802915}, 'southwest': {'lat': 1.443362269708498, 'lng': 103.8182808197085}}}",,,"['police', 'point_of_interest', 'establishment']","4 Sembawang Crescent, Singapore",,1.4447577,103.8196082
ChIJ4Ye2xX0T2jERgQN94CzG5R8,Sembawang Neighbourhood Police Centre,OPERATIONAL,"{'location': {'lat': 1.4447577, 'lng': 103.8196082}, 'viewport': {'northeast': {'lat': 1.446060230291502, 'lng': 103.8209787802915}, 'southwest': {'lat': 1.443362269708498, 'lng': 103.8182808197085}}}",,,"['police', 'point_of_interest', 'establishment']","4 Sembawang Crescent, Singapore",,1.4447577,103.8196082
